probability,word
0.0147563389527,team
0.0137142522645,approach
0.0136469260864,flexibility
0.0121190390893,mistake
0.0083550700263,work
0.00700305004166,administration
0.0069957126287,second
0.00570497907482,person
0.00530785749527,consequence
0.00513201312794,scapegoat
0.00506923282175,conditions
0.00501754163421,organizational
0.00469091338758,performance
0.00428533252279,time
0.0042652380119,flexible
0.00399849159673,change
0.00371624391654,leadership
0.00359933712652,focus
0.00359721896744,group
0.00359501699799,paper
0.00343364494734,employee
0.00333502745158,cause
0.00329201762285,manner
0.00328912487785,factor
0.00328067384697,people
0.00327976353119,point
0.00327924844631,problem
0.00327893254335,context
0.00327684289002,undertaking
0.00327677794091,example
0.00326166507451,model
0.00325904968166,environment
0.0032581744487,home
0.0029462388667,procedure
0.00293762855058,position
0.00293598467297,organization
0.00292322366393,writer
0.00292286759241,term
0.00292283179486,new
0.00292253188687,platitude
0.00265264489648,causal
0.00261807016491,director
0.00261074011648,important
0.00260520582992,occupation
0.0025985106431,management
0.00259657778908,difference
0.00258715685934,office
0.00228784229022,responsible
0.00228497357157,reason
0.002284099476,failure
0.00227434658415,things
0.0022703077443,note
0.00226802264105,matter
0.0022641552466,happen
0.00226001832404,understanding
0.00225602526567,different
0.00225449043917,see
0.00225186333234,enable
0.00225170494314,active_agent
0.00193430531795,associate
0.00193416416564,establish
0.00193173101159,system
0.00193141861705,good
0.00192970243951,decision
0.00192368000247,achieve
0.00192365701754,addition
0.00192363762321,post
0.00192154814018,propose
0.00191643389425,retention
0.00191640535811,structural
0.00191637886359,staff
0.00191631283569,increase
0.00191622175193,definition
0.00171387141482,hole
0.0016839460691,latent
0.00160693049531,operate
0.00160520674914,invention
0.00160302356517,limit
0.00160085394389,means
0.00159912293844,topographic_point
0.00159591748524,set
0.0015950729424,right
0.00159420607305,normally
0.00159394470406,collaboration
0.00159158331253,use
0.00159103930874,obvious
0.00159058804328,determine
0.00159046695125,footing
0.00158995509061,result
0.00158920134984,mention
0.00158920098145,tend
0.00158812410684,paul
0.00158762902268,alternatively
0.001586583787,order
0.00158613961959,possible
0.00158536947978,attempt
0.00158408928484,practice
0.00158393003596,state
0.00158206461424,structure
0.00158133357059,high
0.00158120331812,swiss
0.00158120011003,words
0.00158119046977,setting
0.00158118854415,building
0.00158112139321,clear
0.00158108108225,control
0.00158106457004,contrast
0.00158104575075,cheese
0.00128209036914,homo
0.00127082128444,scheme
0.00126560636431,go
0.00126546678225,quality
0.00126349145836,word
0.00126132939052,interest
0.00126073642989,allow
0.00126025405493,sense
0.00125977912563,impression
0.00125904668221,thymine
0.00125894851704,make
0.0012560702685,large
0.00125583115964,idea
0.00125560873157,loss
0.00125529237364,wrong
0.00125370151892,lashkar-e-taiba
0.0012535487633,depend
0.00125312410107,aim
0.0012527352674,book
0.00125265648234,look
0.00125253165129,vitamin_e
0.00125202607933,fact
0.00125170478879,best
0.00125145072209,necessitate
0.00125099734887,particularly
0.00125016032917,couple
0.0012500451075,understand
0.0012487576501,old_age
0.0012485482553,design
0.00124820583724,particular
0.00124645612749,pull_off
0.00124628032894,following
0.00124626431696,affect
0.00124625346734,norm
0.0012462523349,typically
0.00124619413085,entree
0.00124617850325,coach
0.00124617211044,root
0.00124617003932,member
0.00124615061638,promote
0.00124609784596,duty
0.0012460790633,manifestation
0.00124607403046,insecure
0.00124606590556,main
0.00124605828582,layer
0.00124599436106,life
0.000986632074803,environmental
0.000963905886925,impute
0.000956308564679,surrogate
0.000945938073619,acting
0.000945379692682,leader
0.000942225606076,originate
0.000934146264008,meaning
0.000929022496952,ability
0.000926997428325,safe
0.00092467519779,by_and_large
0.000923838164486,culture
0.000923084930055,army_for_the_liberation_of_rwanda
0.000922819170246,power
0.000922022684386,success
0.000921556498796,research
0.000921409958282,incrimination
0.000921189591165,world
0.000921161603702,merely
0.000920706008139,goal
0.00092038317982,real_number
0.000919946526332,talk
0.000919445312587,think
0.000918791107845,recognition
0.000918774983993,boundary
0.000918448155717,holocene
0.000918339096985,draw
0.000917845482241,area
0.000917667816067,know
0.000917467373021,deduction
0.000917279508439,issue
0.000916945852558,information
0.000916891842545,behavior
0.00091686672882,method
0.000916792212807,present
0.000916293009608,share
0.000916185113145,detect
0.000915691768414,return
0.000915550461799,case
0.000915373668209,situation
0.000914811590253,one
0.000914788503664,figure
0.000914448130177,line
0.000914166649064,open
0.000914098717451,specify
0.000913261166219,hanker
0.00091270289369,discussion
0.00091205861796,development
0.000912046848804,support
0.000911944460813,take
0.000911910716555,technical
0.000911898286768,learn
0.000911897924359,given
0.000911869260813,construct
0.000911853070416,identify
0.000911788060363,introduction
0.000911785363911,importance
0.00091176490249,usher
0.00091174312316,keep
0.000911723931278,discus
0.000911716719537,putt
0.000911711377752,sociable
0.00091170880758,divers
0.000911707261981,program
0.000911703553923,largely
0.00091169965265,heretic
0.000911696151213,dwell
0.000911685500669,swamp
0.00091167158039,autonomy
0.000911666308122,lack
0.000911665544987,research_worker
0.000911664890155,enhance
0.000911662101173,numbers
0.000911659152027,acts_of_the_apostles
0.000911649801039,oversight
0.000911645339358,gap
0.000911633726091,defensive
0.000911628312137,cent
0.000911609622605,company
0.000911600740037,fear
0.000911594074052,leisure
0.000911593195617,decrease
0.000911571907342,interpretation
0.000911544881959,hours
0.000613895323142,family
0.000608695149973,broad
0.000600860779612,attribution
0.000599484872889,supply
0.000598908979544,relationship
0.000598797559349,foster
0.000593577508196,capacity
0.000593220183331,rise
0.000592035385045,challenge
0.000589676868996,exercise
0.00058915096212,name
0.000588889416652,analysis
0.000588681953056,convenient
0.000588598408565,light-emitting_diode
0.000588524726883,implement
0.000587841796494,short
0.000586447172339,emergent
0.000585917178712,necessarily
0.000585828707678,series
0.00058557600031,argue
0.000585409763987,working
0.000585192491589,clasp
0.00058505206928,let
0.000584606418062,true
0.000584314770773,guarantee
0.0005838564529,expression
0.000583648488651,tell
0.00058335854106,spot
0.000583214587015,simple
0.000583101955041,workplace
0.00058303211868,print
0.000582926345074,little
0.000582862359115,semen
0.000582755449567,action
0.000582633408545,actually
0.000582566162974,include
0.000582411842956,times
0.000582411601498,claim
0.000582333021833,kind
0.000582135877063,mind
0.000582104575866,deal
0.000581819801607,end
0.000581792426344,opinion
0.000581693079875,leave
0.000581403406473,executive
0.000581255594041,purpose
0.000581221219338,face
0.000581165291298,reasonable
0.000581018170899,finally
0.000580971123375,key
0.00058083587618,hazard
0.000580817399816,theory
0.000580801125991,feature
0.000580751255208,write
0.000580734560187,aware
0.000580571758136,easy
0.000580479535816,likely
0.000580461124462,need
0.000580459256606,wide
0.000580247617001,park
0.00058019464382,drive
0.000580068258065,follow
0.000579946311423,batch
0.000579327292863,capture
0.000579093540676,lead
0.000579054495651,difficult
0.000579029100906,technology
0.000579023815308,subject
0.000578983056775,article
0.000578906255675,skill
0.000578898105597,measure
0.000578885961317,content
0.000578871306637,intend
0.000578858864629,start
0.000578850104087,early
0.000578840921284,light
0.000578804535586,systemic
0.000578799923313,determination
0.000578787382585,execution
0.000578786508542,corporate
0.000578774347842,conventional
0.000578741747337,coverage
0.000578738594829,aspect
0.000578737795581,nice
0.000578733457056,condition
0.00057873196392,shutting
0.000578723585126,target
0.00057872188998,train
0.000578715354778,lie
0.00057871504588,major
0.000578714522403,prosecute
0.000578700251173,teamwork
0.000578699577693,elusive
0.000578698680518,resource
0.000578697134219,personal
0.000578695318404,cheer
0.000578691196238,mean
0.000578690979675,carry
0.000578684132372,reading
0.000578683442563,attach_to
0.00057868172524,easily
0.000578673349257,directive
0.00057867301682,compromise
0.000578670418179,equipment
0.000578668451342,variable
0.000578668367007,empathy
0.000578666502548,pathogen
0.000578666422983,industry
0.000578665961743,poor_people
0.000578665541098,neutrality
0.000578662128006,run
0.000578661984868,alarm
0.000578661647024,clearly
0.000578658816736,ailing
0.000578658063426,transparency
0.000578658030075,effective
0.000578657986266,directly
0.000578656834388,repeat
0.000578656552612,training
0.000578653877615,inclusion
0.000578652495425,analyze
0.000578652442174,duke
0.000578651771163,underlie
0.000578647657994,accept
0.000578647390838,separation
0.000578642762879,rhetoric
0.000578640495206,chapter
0.000578639369078,delegate
0.000578636337878,slice
0.000578633415799,drain
0.000578633315604,coaching
0.000578632140174,repair
0.000578631999618,defect
0.000578631551031,wish
0.000578628340725,modify
0.000578627779275,prevent
0.000578624866053,chemical_reaction
0.000578624596415,recur
0.000578620349233,header
0.000578619584042,unrealistic
0.000578615228536,space
0.000578609093212,statement
0.000578606645003,distinguish
0.000578601205273,put_option
0.000578597162706,car
0.000578590966574,unstable
0.000578587210045,speed
0.000578577255896,restrain
0.000578571032569,concern
0.000578567887979,on-line
0.000578561183092,spare_part
0.000578559454152,dispatch
0.000578558055138,dictionary
0.000578557865456,rev_up
0.000578550296871,uncertain
0.000266375590037,excellence
0.000265006129023,comfortable
0.000264582146173,reduction
0.00026377761273,crop
0.000263480122168,simplify
0.000263276702605,coerce
0.000263238830183,uncouple
0.000263189761413,fuel
0.000263130460601,dollar
0.00026309633929,emotional
0.000262753413524,clinical
0.000262572422534,decelerate
0.000262556042573,explicate
0.000262327894972,base_on_balls
0.000262060595363,orient
0.00026196385655,immediately
0.000261607417524,james
0.00026156407145,road
0.000261476220694,empirical
0.000261029421276,hero
0.00025930345244,international_relations_and_security_network
0.000258262039318,department
0.0002580962536,trust
0.000257862625592,apart
0.000257454768104,strike
0.000257213830373,yes
0.000256635487618,authority
0.000256572685367,like
0.00025616888543,budget
0.000255937162006,antonym
0.000255911185543,meet
0.000255869564534,get_the_better_of
0.000255823227435,free
0.000255767600078,hands
0.000255709064889,property
0.000255706061431,response
0.000255704922376,rationality
0.000255703878522,trip
0.00025564773907,adjust
0.000255579347737,quest
0.000255536899717,collaborative
0.000255493143265,coin
0.000255480306369,regular
0.000255427119459,enforce
0.000255386540689,ethical
0.00025528147106,history
0.000254924893789,feel
0.000254679725756,resolution
0.000254658320186,complex
0.000254615802968,thing
0.000254553561432,restructure
0.000254429483062,bring
0.000254425611896,devising
0.000254188574964,absorb
0.000254139979314,plan
0.000254108906479,course
0.000254107676141,adopt
0.000254023309068,read
0.000253993100844,actual
0.000253965065673,background
0.000253898493985,involve
0.000253760590925,overlook
0.000253684430732,assume
0.000253656809475,ago
0.000253646352622,believe
0.000253525554275,forget
0.000253506354011,stopping_point
0.000253447988306,committedness
0.000253430032684,refer
0.000253418189429,classic
0.000253398213601,ways
0.000253360312504,experience
0.000253334646317,direct
0.000253303192314,cognition
0.000253302889273,expert
0.00025320631132,dialogue
0.000253155548126,walk
0.0002531313585,lesson
0.000253113809102,better
0.000253087315211,function
0.000253073384182,worth
0.000253057887052,ignore
0.000253030319974,brand
0.000253012223929,address
0.000253011013652,oklahoma
0.000252923865964,get
0.000252859726166,privation
0.000252858796929,details
0.000252833078355,ask
0.000252823860786,days
0.000252822081468,plant
0.000252792103712,differently
0.000252706712438,universe
0.000252683536425,narrative
0.000252656782155,highly
0.00025263427108,emerge
0.000252604514568,dealing
0.000252560846892,great
0.00025255642057,small
0.000252528982999,trade
0.000252471632331,future
0.000252437544303,necessity
0.00025241985731,enterprise
0.000252409101978,travel
0.000252370304378,argument
0.000252336619692,value
0.000252317746174,able
0.000252315139926,aid
0.000252285735003,business
0.000252259273424,hand
0.000252233327793,day
0.000252154414592,productiveness
0.000251934455283,discourse
0.000251831559784,beginning
0.000251829442102,rule
0.000251778938674,later
0.00025176479137,standard
0.000251761042423,application
0.000251749232962,advice
0.000251742090273,survey
0.000251739403147,opportunity
0.000251720817486,come
0.00025171058071,possibility
0.000251702038216,software
0.000251699329556,describe
0.00025168895183,contempt
0.000251678904517,relevant
0.000251676631374,recognize
0.000251672009891,game
0.000251659337359,incremental
0.000251648049391,picture
0.000251640234216,powerful
0.000251638868279,complete
0.000251634142297,spend
0.000251631724714,surprise
0.000251626001921,evidence
0.000251622183146,indicate
0.0002516212986,give
0.000251617387321,scenario
0.000251616650603,frequently
0.000251611151936,voyage
0.000251608219858,potential
0.000251607252999,exist
0.000251602111439,helping
0.000251601897125,quote
0.000251600648917,direction
0.00025159579976,attitude
0.000251594978446,suspect
0.000251594087813,serve
0.000251593753107,entitle
0.000251590440119,link
0.000251586187985,standardization
0.000251584694956,doctrine
0.000251584548212,rarely
0.000251581806503,university
0.000251577496448,widen
0.000251576402718,display
0.000251573669159,practical
0.000251573134244,phrase
0.000251572854324,prove
0.000251572408617,size
0.000251569328375,recently
0.000251569247078,extinguish
0.000251568055915,politics
0.000251563398338,similarity
0.000251561969898,trace
0.000251560970727,reduce
0.000251560797155,expect
0.000251556129383,man
0.00025155182991,fiscal
0.000251550631259,list
0.000251550293745,carnival
0.000251550130234,standardize
0.00025154806166,eye
0.000251545731842,avoid
0.000251544007372,reach
0.000251543969359,imagine
0.000251539472997,awareness
0.000251538197006,recommend
0.000251537497812,extent
0.000251536917242,mentor
0.000251536250748,season
0.00025153355021,summary
0.000251531662463,base
0.000251530174541,ailment
0.000251529898233,report
0.000251529841214,initial
0.000251529775191,cross
0.00025152944808,rare
0.000251526605171,reflect
0.000251526024412,offprint
0.000251525787331,arrive
0.000251524968525,air
0.000251524693745,evolve
0.000251524423939,truly
0.00025152438985,functional
0.000251523993993,expense
0.000251522860173,transform
0.000251522793479,flaw
0.000251522148368,clarity
0.000251521778814,help
0.000251520962471,loath
0.000251520559638,settle
0.000251520338542,image
0.000251519951974,contest
0.000251519923218,popular
0.000251519571035,pressure
0.000251518984639,web_site
0.000251517615916,communicative
0.000251516425424,sell
0.000251515688482,epistemology
0.000251515489116,upper_berth
0.000251515318033,notice
0.000251514576425,centralize
0.000251514450065,blunt
0.000251514150021,communication
0.000251514112216,spoke
0.000251513937311,scarce
0.000251513164956,faculty
0.00025151300329,basic
0.000251512394896,extension
0.000251512040821,crystalline
0.0002515118117,multiple
0.000251510718022,contentious
0.000251509786363,academician
0.000251507778388,novel
0.000251507704519,safety
0.000251507307082,first
0.000251506765991,room
0.000251505565166,suppress
0.000251505337384,ineffective
0.000251504012221,intractable
0.00025150384704,centre
0.000251503608627,opening
0.000251503521767,mess
0.000251501745629,par
0.000251501446055,tolerance
0.000251500932375,choose
0.000251500401477,calculation
0.000251499978072,precedence
0.000251499241947,defense_mechanism
0.000251498933391,greater
0.000251498690971,exhibit
0.000251498446144,oppose
0.000251498383581,low
0.000251498177487,integrate
0.000251497962259,clarify
0.000251497959053,inevitably
0.000251497838188,crisis
0.000251497819812,integrity
0.000251497491865,mere
0.00025149711561,diverseness
0.000251496884547,mandate
0.000251496318438,musical
0.000251496139001,pitfall
0.000251495853557,instruction_manual
0.000251495846469,code
0.000251495431573,differentiation
0.000251495398349,stability
0.000251495292431,shift
0.000251493961283,edification
0.000251493899238,correlate
0.000251493848609,wages
0.00025149318938,constitution
0.000251492595926,openly
0.000251492518385,translate
0.000251491886201,finger
0.00025149109514,multitude
0.00025149081499,overwork
0.000251490740237,education
0.000251490430341,assembly
0.000251490353094,remains
0.000251489795944,detour
0.000251489691648,delivery
0.000251489341974,somersault
0.00025148920444,belief
0.00025148878444,open_fire
0.000251488722106,membership
0.000251488512292,doublespeak
0.000251488511153,supportive
0.000251488336556,worst
0.000251488318465,magically
0.000251488127607,ruth
0.000251488017605,courage
0.000251487274205,scientifically
0.000251486915722,lower_berth
0.000251486833146,dress
0.000251486746377,assurance
0.000251486732305,objectively
0.000251486686994,reappraisal
0.000251486612995,gain
0.000251486533575,villain
0.000251486466406,optimistic
0.000251486368515,annoy
0.000251486301939,straw
0.000251486139749,entertain
0.000251486014042,enlightening
0.000251485706827,philosopher
0.000251485573828,natural
0.00025148552912,limelight
0.000251485415022,isolate
0.00025148540044,menace
0.00025148526287,hospital
0.000251485242801,specialization
0.000251485131079,impart
0.000251485007668,wave
0.000251484859679,artificial
0.000251484734736,hour
0.000251484519946,informal
0.000251484516334,scope
0.000251484132716,fundamental_law
0.000251484030132,rein
0.000251483945141,afield
0.000251483514612,pinning
0.000251483464798,tide
0.000251483304881,perform
0.000251483123166,institutional
0.000251483105386,relevance
0.000251482741064,afoot
0.000251482677231,girl
0.000251482631214,combat
0.000251482506473,inclination
0.000251482416306,division
0.000251482388295,defective
0.000251482095194,sport
0.000251482001326,mutuality
0.000251481901355,outline
0.000251481650433,abdomen
0.000251481028624,burgeon
0.000251480958691,athletic
0.00025148088185,medicine
0.000251480874389,fundamental
0.000251480315925,desk
0.000251480266819,bonus
0.000251480245298,moral_force
0.000251480027123,perpetrate
0.000251479858985,german
0.000251479790189,party
0.00025147953071,causing
0.000251479181309,volition
0.000251479123112,stable
0.000251479026714,exceed
0.000251478310587,homogeneous
0.000251478136938,inconsistent
0.00025147811092,catastrophe
0.000251477977577,departmental
0.000251477957212,dormant
0.000251477831673,compel
0.000251477812908,legally
0.000251477700263,boom
0.000251477555818,symptom
0.00025147720793,visible
0.00025147712891,hypertext_transfer_protocol
0.000251476802085,british
0.000251476586424,ensemble
0.000251475812846,sideline
0.000251475771471,unaddressed
0.000251475698692,gregory
0.000251475677014,ideal
0.000251475500649,consensual
0.000251475403957,metaphor
0.000251475235673,cheering
0.000251475145534,mid
0.000251474811738,mosquito
0.000251474526228,compare
0.000251474443479,correctly
0.000251474442065,diary
0.000251474381446,modern
0.000251474338393,superintendent
0.000251473917237,paragraph
0.000251473781279,fleeting
0.000251473651252,suit
0.0002514734326,noun
0.000251473265648,union
0.000251472711112,network
0.000251472463862,creative
0.000251472141616,patient
0.000251472018122,approximate
0.00025147200076,checkup
0.00025147192264,accident
0.000251471767124,traffic
0.000251471708198,conductor
0.000251471653755,vaulting_horse
0.0002514714523,unit_of_measurement
0.000251471225108,impede
0.000251471007043,resident
0.00025147100309,launch
0.00025147086156,employer
0.000251470725436,protect
0.000251470634238,hyperbole
0.000251470414872,scandinavia
0.00025147005323,synergy
0.000251469932563,capable
0.000251469567357,understate
0.000251469514856,hunt
0.000251469285131,suppose
0.000251469146714,redress
0.000251469049807,breed
0.000251469045839,attest
0.000251469038119,expose
0.000251468964939,temporarily
0.000251468579736,thomas
0.000251468524356,baton
0.000251468369925,bad_luck
0.00025146834565,unexpressed
0.000251468182071,hypertext_markup_language
0.000251467977477,flourish
0.000251467816584,chronically
0.000251467663877,soviet
0.00025146762904,extensive
0.000251467215404,conducive
0.000251467164863,sign
0.000251467164409,time_period
0.000251467106682,redefine
0.000251466547236,generic
0.000251466261287,gram
0.000251466033866,equip
0.000251465873293,erstwhile
0.000251465331984,stephen
0.000251465218896,disused
0.000251464911387,bake
0.000251464321691,misdemeanor
0.000251464290913,bandy
0.000251464124967,striving
0.000251463997672,crying
0.000251463409106,negotiable
0.000251463233871,checklist
0.000251463072873,vehicle
0.000251462943733,redeploy
0.000251460945763,swat
0.000251460800606,exceeding
0.00025146076933,temporal_role
0.000251460751105,chernobyl
0.000251460529886,willingness
0.000251460327189,accurately
0.000251460083342,worker
0.000251459889719,agent
0.00025145940799,widespread
0.000251459323882,academia
0.000251459095445,spatial
0.000251458045918,acerate_leaf
0.000251457823969,visualize
0.000251457569313,colloquially
0.00025145719524,atomization
0.000251456989832,interruption
0.000251456194256,life_style
0.000251456175547,perceiver
0.000251456004512,convention
0.000251455989381,legalize
0.000251455978608,oxford
0.000251455752987,nuclear
0.000251455649908,inaccessibility
0.000251455617063,analogy
0.000251455085226,predate
0.000251453145831,ephemeron
0.000251453012753,workday
0.00025145127726,comfort
0.000251451212297,circumstance
0.000251450911955,region
0.00025144985592,leaf
0.000251449818865,coherent
0.00025144971758,barely
0.000251448546642,nightlong
0.000251448085525,trade_unionist
0.00025144783936,hungry
0.0002514476233,uncommitted
0.000251445965226,fuzzed
0.000251445086493,exclusive
0.000251443692673,chain
0.000251443210341,degradation
0.00025144245019,increasingly
0.000251441808672,depression
0.000251441548018,carefully
0.000251441338224,coating
0.000251440947529,technologically
0.000251440576493,dimension
0.000251439518451,jack
0.000251439208657,uncertainty
0.000251438662894,check
0.000251437960128,income
0.000251437823776,economics
0.000251437752915,noise
0.000251437680683,era
0.000251436316878,energy
0.000251435886266,fix
0.000251433153695,encroach
0.000251431451281,location
0.000251429202929,justify
0.000251428945922,agony
0.000251428405697,ecology
0.000251428137021,continually
0.000251427668608,guidance
0.000251427081453,deceptively
0.000251427044577,conformity
0.000251426826954,fun
0.000251424693464,entail
0.00025142297601,imply
0.000251420413068,signal
0.000251417409941,physical
0.000251417218545,late
0.000251417029128,perpetually
0.000251416730564,interpret
0.000251415241625,escape
0.000251411316082,mutually
0.000251405737163,tendency
0.000251405397072,computer
0.000251404843258,deconstruct
0.000251402558185,zone
0.000251396891253,film_over
0.000251395701213,widely
0.000251389931852,guideline
0.000251389770704,buzzword
0.000251386453018,sphere
0.000251376604241,double
2.47220388045e-06,myth
2.30641040736e-06,neptunium
2.13283769309e-06,ibis
2.06992685309e-06,ka
2.02814199433e-06,question
2.01105727341e-06,western
1.97217735399e-06,map
1.92271335445e-06,yea
1.91982599434e-06,psychologist
1.91683591409e-06,professor
1.90740596622e-06,bias
1.89648302296e-06,psychology
1.89500696714e-06,rocket
1.85753578242e-06,meter
1.84749823727e-06,certain
1.84053377398e-06,departure
1.82899815134e-06,node
1.82763705238e-06,document
1.82095294852e-06,health
1.8209354177e-06,intervention
1.82005618287e-06,internally
1.81577576577e-06,cognitive
1.81283261219e-06,architect
1.80941798103e-06,conversation
1.8051229389e-06,editor
1.80510882372e-06,adulthood
1.80222303235e-06,offer
1.79778477439e-06,transference
1.79510435588e-06,intervene
1.79331819459e-06,generate
1.79318227373e-06,laugh
1.7919231477e-06,rich_people
1.78880546619e-06,video
1.78790748674e-06,collection
1.78690011904e-06,countertransference
1.7867031786e-06,acquiring
1.78274327639e-06,ten
1.77908350573e-06,develop
1.77884523004e-06,consult
1.77794943764e-06,physique
1.7765922692e-06,inform
1.77480550105e-06,benefit
1.77458918233e-06,linear
1.77288183775e-06,student
1.77202681238e-06,outstanding
1.77168562129e-06,explanation
1.77143985435e-06,solution
1.7711536043e-06,notation
1.77103056681e-06,user
1.77098146047e-06,answer
1.77071638984e-06,catastrophic
1.76960475592e-06,gluey
1.76950180806e-06,capability
1.76922343184e-06,salient
1.76852453585e-06,collective
1.76803168348e-06,architecture
1.76693620412e-06,technique
1.76659495971e-06,tool
1.76600900007e-06,forward
1.76575785875e-06,stakeholder
1.76483577763e-06,hide
1.76435900735e-06,type
1.76426268899e-06,happening
1.7635979809e-06,dramatic
1.76343434353e-06,gun_trigger
1.7631413009e-06,play
1.7622621791e-06,wicked
1.75921315759e-06,vitamin_d
1.75828881353e-06,initially
1.75568147419e-06,operating_expense
1.75542780836e-06,degree
1.75514999356e-06,slide
1.75419717474e-06,frontlet
1.75223260572e-06,search
1.75176887871e-06,head
1.75144578019e-06,heuristic
1.75142770121e-06,infrastructure
1.75041899977e-06,incredibly
1.7501564588e-06,unfortunately
1.74875664213e-06,medium
1.74870256947e-06,peer
1.748039107e-06,request
1.74798318223e-06,nature
1.74764358609e-06,pleasure
1.74721149495e-06,chord
1.74719206579e-06,diagnostic
1.7467916761e-06,teach
1.74677592308e-06,broadly
1.74650667899e-06,guy
1.74599194498e-06,private
1.74589391164e-06,consultation
1.74434547249e-06,ambiguity
1.74432405147e-06,homeric
1.74395247254e-06,damage
1.74390838996e-06,master
1.74344300581e-06,resilience
1.74254012511e-06,interview
1.74218692024e-06,connection
1.74143154584e-06,earlier
1.74103098483e-06,represent
1.74102724456e-06,professional
1.74090982172e-06,stay
1.74071983923e-06,constraint
1.74033078822e-06,data
1.74011617621e-06,brilliantly
1.739896273e-06,personal_computer
1.73964201082e-06,tag
1.7390016729e-06,thanks
1.73899202216e-06,preach
1.73887709767e-06,elements
1.73872623776e-06,perth
1.73837721652e-06,purportedly
1.73796850321e-06,useful
1.73786079737e-06,bomber
1.73757724807e-06,ethical_motive
1.73752108622e-06,brutus
1.73742293146e-06,center
1.73705425087e-06,available
1.73667831953e-06,class
1.73660620251e-06,component
1.73647633466e-06,material
1.73628299589e-06,unimportant
1.73620835888e-06,motivation
1.73572016446e-06,imagination
1.73547487372e-06,treachery
1.73542074298e-06,odyssey
1.73537136947e-06,try
1.73521205068e-06,site
1.73520053577e-06,rationale
1.73505670479e-06,episode
1.73486493131e-06,wonder
1.73469375193e-06,assent
1.73457067487e-06,alliance
1.73449561237e-06,practitioner
1.73395224019e-06,restriction
1.73358210337e-06,entreaty
1.73356386574e-06,rational_number
1.73318194575e-06,adversity
1.73312240565e-06,match
1.73292269906e-06,trump
1.73288061889e-06,implant
1.73283398476e-06,arrested_development
1.73257831538e-06,remember
1.7324869622e-06,influence
1.7315828804e-06,psychometry
1.73152468373e-06,loosely
1.73136381077e-06,form
1.73125348802e-06,originally
1.7311655528e-06,virtually
1.73115435582e-06,thinking
1.73068896209e-06,planning
1.73052368918e-06,indifferent
1.73046189902e-06,professionally
1.73029305595e-06,democracy
1.73014796918e-06,east
1.73006248518e-06,critically
1.73001354314e-06,old
1.72980137829e-06,artifact
1.72975561878e-06,alone
1.72944884137e-06,protection
1.72936382751e-06,bend
1.72923644647e-06,presentation
1.72921978469e-06,decidedly
1.72907316941e-06,nest
1.72899390342e-06,grease
1.72891762457e-06,guest
1.72882584232e-06,receive
1.7287852434e-06,workshop
1.72873764139e-06,similarly
1.72866286583e-06,divergent
1.7286597899e-06,electronic_mail
1.72845900186e-06,cockatoo
1.72845447762e-06,predominantly
1.72838828073e-06,goose
1.7282717978e-06,wheel
1.72792244247e-06,arouse
1.72772022817e-06,delicate
1.72742655303e-06,devolve
1.7274185428e-06,pickings
1.7273517297e-06,dominant
1.72724140938e-06,adviser
1.72714349872e-06,unanticipated
1.7270807352e-06,trouble
1.72696720074e-06,description
1.72692858344e-06,envelope
1.72680668992e-06,oblique
1.72679470421e-06,usual
1.7267695216e-06,circuit
1.72676392796e-06,platform
1.72670492321e-06,piece
1.7266916481e-06,bacillus
1.72622379872e-06,choice
1.72621945694e-06,junior
1.72621895779e-06,resonance
1.72612626187e-06,net_income
1.72602825297e-06,south_korean_won
1.72596667673e-06,penetration
1.72591959937e-06,industrial
1.72564974346e-06,raise
1.72562698981e-06,explain
1.72540965985e-06,chase
1.72539570303e-06,roman
1.72536572304e-06,screaky
1.72535505095e-06,promise
1.72529435855e-06,heroic_verse
1.72528967488e-06,informing
1.72527064256e-06,consultancy
1.72520057868e-06,contextual
1.72516015384e-06,today
1.72513241747e-06,saying
1.72508011508e-06,fictional_character
1.7250335826e-06,chat
1.72501463299e-06,ordain
1.72478676592e-06,load
1.72450988738e-06,upfront
1.72445775312e-06,attract
1.7244316904e-06,eastern
1.72430880411e-06,flight
1.72425801224e-06,merchandise
1.72424221895e-06,radio
1.72422111419e-06,land
1.72420550727e-06,overshadow
1.72420332607e-06,decide
1.72400889742e-06,client
1.7239487415e-06,moon
1.72394557741e-06,charge
1.72389999702e-06,frame
1.72375672382e-06,get_down
1.7236482545e-06,similar
1.72350296512e-06,brady
1.72348423795e-06,entirely
1.72342579386e-06,shop
1.72339690138e-06,pass
1.72323600429e-06,singapore
1.72317524227e-06,topical
1.72310727017e-06,significant
1.72300766807e-06,slightly
1.72285089968e-06,decade
1.72281115439e-06,hear
1.72257841923e-06,freedom
1.7225669268e-06,discretionary
1.72250487181e-06,contemplation
1.72245470114e-06,psychiatry
1.72241923997e-06,prescriptive
1.72235573109e-06,attributable
1.72228256731e-06,underpin
1.72226421999e-06,principle
1.72222935641e-06,necktie
1.7219214588e-06,push
1.72190667412e-06,hopefully
1.72189790872e-06,tip
1.72182813362e-06,dependant
1.72182559925e-06,diagnosis
1.72182070391e-06,wholly
1.72177150822e-06,deliver
1.72161581717e-06,equivalent
1.72150428367e-06,basically
1.72141587213e-06,store
1.72137050718e-06,revert
1.72132923903e-06,single
1.72127097613e-06,advantage
1.72125002261e-06,reasonably
1.72117173019e-06,higher
1.72116954169e-06,chiefly
1.72115638195e-06,heat
1.72114668616e-06,frustration
1.72110907295e-06,messy
1.72107289558e-06,biodiversity
1.72102400231e-06,counterpart
1.7209047879e-06,miss
1.72089910975e-06,blind
1.72089535592e-06,pink
1.72085841825e-06,pretty
1.72080899434e-06,ea
1.72080383873e-06,specially
1.72079769078e-06,depth
1.72073193421e-06,stickiness
1.72063074098e-06,kick
1.72048185823e-06,general
1.72047727762e-06,event
1.72032777882e-06,predominate
1.72027220832e-06,persistent
1.72022569391e-06,commensurate
1.7201079258e-06,council
1.7200018312e-06,decisive
1.71996595252e-06,policy
1.71993842069e-06,battle
1.71985674777e-06,links
1.71976746901e-06,visual_perception
1.7197436357e-06,ancient
1.71971107767e-06,ethically
1.71969648633e-06,populace
1.71969566703e-06,agile
1.71958328692e-06,critical
1.71957746986e-06,consumption
1.71952558127e-06,database
1.71950134719e-06,impressive
1.71945253222e-06,satisfactory
1.71943079046e-06,resort
1.71936154196e-06,possibly
1.71931076727e-06,murder
1.71926616299e-06,feedback
1.71924919914e-06,caesar
1.71924160889e-06,absolutely
1.71923717877e-06,year
1.71922607879e-06,phase
1.71893972321e-06,reader
1.71893335588e-06,bunch
1.71877623326e-06,catching
1.71864940822e-06,seven
1.71859561082e-06,star
1.71844328243e-06,habitat
1.71844316202e-06,mental
1.71840208914e-06,participant
1.71839035689e-06,archetypal
1.71836558093e-06,memory
1.71830247779e-06,allege
1.71820275565e-06,theorist
1.71818037596e-06,resilient
1.7181687564e-06,speaking
1.71812329426e-06,audio
1.71807624018e-06,intranet
1.71806241563e-06,precisely
1.71794778263e-06,political_orientation
1.71786063835e-06,dislocation
1.71778562623e-06,dangerous
1.71772917417e-06,show
1.71765493926e-06,mechanism
1.71764595696e-06,incision
1.7176194932e-06,beg
1.71755739292e-06,reinforce
1.71738519841e-06,original
1.71735114585e-06,drop
1.71733134399e-06,selling
1.71727473936e-06,market
1.71721959801e-06,daniel
1.71717892594e-06,hierarchy
1.71716930615e-06,paradigm
1.71711086946e-06,accurate
1.7170990368e-06,convergent
1.71709815886e-06,movie
1.71701230277e-06,immediate
1.71686600259e-06,considerable
1.71681696372e-06,ocular
1.71674476991e-06,latch
1.71660659802e-06,react
1.7165127967e-06,celebrated
1.71649874473e-06,review
1.71618776574e-06,week
1.71614635308e-06,continue
1.71611601639e-06,logical
1.71609186359e-06,iliad
1.7160539569e-06,brief
1.71602250355e-06,add
1.71602134843e-06,billion
1.71602053074e-06,diagonal
1.7159910876e-06,agree
1.71591072463e-06,register
1.71588719292e-06,unintended
1.71581687588e-06,cybernetics
1.71581120842e-06,documentation
1.7157311785e-06,equivocal
1.71570031744e-06,record
1.71568161104e-06,outsource
1.71559441411e-06,intelligence_quotient
1.7155473795e-06,crowd
1.71538158087e-06,sustainable
1.71529347981e-06,introduce
1.71528786961e-06,exemplify
1.7152793181e-06,war
1.71520199027e-06,community
1.71513865194e-06,costs
1.71511979207e-06,range
1.71492984511e-06,unlike
1.7149189698e-06,novice
1.71467626098e-06,eldritch
1.71466370902e-06,unknown
1.71462081182e-06,evolutionary
1.71457606508e-06,negative
1.71457303127e-06,tune
1.71455883709e-06,chink
1.71448207397e-06,scale
1.714474336e-06,colleague
1.71437083249e-06,familiar
1.71429330935e-06,barber
1.7142500503e-06,government
1.71420137375e-06,anticipate
1.7141811191e-06,summarize
1.714127457e-06,minutes
1.71410082751e-06,inevitable
1.71393864669e-06,specifically
1.71392672624e-06,spectrum
1.71376022292e-06,overarch
1.71375307171e-06,sum_up
1.71364171608e-06,act
1.71362310215e-06,facilitate
1.7136120186e-06,appreciation
1.71350962677e-06,anecdote
1.71349094601e-06,screen
1.71348377569e-06,nail
1.71347626245e-06,invent
1.71344878615e-06,grammar
1.71333434682e-06,commonalty
1.71327931957e-06,relatively
1.71327928768e-06,profoundly
1.71327347728e-06,asynclitism
1.71324604176e-06,danger
1.71322256997e-06,turn
1.71318791435e-06,learning
1.71313504746e-06,sit
1.7130403525e-06,designation
1.71301286423e-06,guess
1.71296098722e-06,incommensurate
1.71280341488e-06,strange
1.71272751453e-06,ball
1.71265749599e-06,sharing
1.71252473566e-06,populate
1.71250382647e-06,vision
1.71241515431e-06,teacher
1.71235047591e-06,locate
1.71227169924e-06,demand
1.71221004131e-06,sector
1.71220977662e-06,cost
1.71212294822e-06,point_of_view
1.71202644284e-06,reverse
1.71202243235e-06,child
1.71200680174e-06,bulb
1.71196521243e-06,knock
1.71187960588e-06,minute
1.71186687254e-06,filter
1.71183987536e-06,discontinue
1.71178608158e-06,local
1.71177775713e-06,rings
1.71170358793e-06,con
1.71161120764e-06,connect
1.71160147708e-06,ongoing
1.7115958143e-06,calendar_month
1.7115118729e-06,constantly
1.71141957395e-06,smile
1.71140524205e-06,sketch
1.71130142652e-06,meander
1.71128590636e-06,current
1.7112733707e-06,intelligence
1.71125310721e-06,elaborate
1.71125112029e-06,complexity
1.71111165122e-06,discipline
1.71107181462e-06,stallion
1.71104235362e-06,conceptual
1.71103985164e-06,deliberative
1.71101385998e-06,white
1.71089153459e-06,worse
1.71087554714e-06,begin
1.71076911327e-06,highlight
1.71074362718e-06,politically
1.71071644609e-06,save
1.71056921709e-06,school
1.71056817772e-06,title
1.71046673913e-06,curious
1.71036200087e-06,undertake
1.71035765551e-06,external
1.71032021058e-06,surface
1.71016100506e-06,deter
1.71014654249e-06,prone
1.71011724025e-06,consideration
1.71010032565e-06,character
1.71008095991e-06,probability
1.71008013478e-06,probably
1.71006330347e-06,sending
1.71005232262e-06,tackle
1.71004483448e-06,stop
1.70996083426e-06,one-half
1.70991839744e-06,hearing
1.70970681077e-06,michigan
1.70968246062e-06,fifty
1.70967986765e-06,concept
1.70963712752e-06,hypertext
1.7096095639e-06,left
1.70950147764e-06,operation
1.70948020076e-06,fail
1.70946921063e-06,sarcasm
1.70932460957e-06,hello
1.70920431801e-06,australia
1.70920258305e-06,arrow
1.70914539435e-06,quick
1.70905270013e-06,version
1.70901672234e-06,attach
1.70895698195e-06,continuous
1.70892324266e-06,square
1.7088978826e-06,wisdom
1.7088662534e-06,logic
1.70886498824e-06,graphic
1.70881938376e-06,fit
1.70878938239e-06,bode
1.70875680693e-06,engineer
1.7087444163e-06,love
1.70861964617e-06,campus
1.70850060739e-06,activity
1.70845693921e-06,web_log
1.70843929664e-06,remark
1.70840661299e-06,bigger
1.70840059702e-06,sigma
1.70839410426e-06,improvement
1.70835965783e-06,switch
1.70834985171e-06,express
1.70833720364e-06,susceptibility
1.7082589834e-06,relational
1.70825830715e-06,seller
1.70823498918e-06,desire
1.70809819538e-06,admit
1.70794618708e-06,superficial
1.70789537645e-06,cooperative
1.70789298991e-06,agency
1.70786391597e-06,convert
1.70778486662e-06,louis
1.70770312762e-06,recommendation
1.70769569192e-06,evening
1.70761756087e-06,wage
1.70759841079e-06,horst
1.70759632776e-06,facilitator
1.70757478925e-06,bad
1.70756772959e-06,directory
1.70754785063e-06,web
1.70753280763e-06,traditional
1.70752378998e-06,facilitation
1.70730529065e-06,blueprint
1.70727696109e-06,confront
1.70727467817e-06,navigable
1.70725416168e-06,succeed
1.70722482177e-06,writing
1.70721599378e-06,unorthodoxy
1.70718880391e-06,impact
1.70716697584e-06,page
1.70713624371e-06,findings
1.70708174384e-06,loud
1.70708004447e-06,option
1.70707547767e-06,impossible
1.70706539865e-06,metadata
1.70705650304e-06,leverage
1.70700044994e-06,green
1.70698038475e-06,navigation
1.70697241449e-06,significance
1.70697142359e-06,legal
1.70695493338e-06,cover
1.70694842614e-06,acknowledge
1.70686939673e-06,strategic
1.70684130293e-06,dedication
1.70680082388e-06,dilemma
1.70678683532e-06,last
1.70675805115e-06,transcription
1.70675662387e-06,seek
1.70664875704e-06,integration
1.70663985527e-06,art
1.70648093296e-06,graph
1.70647156291e-06,computerize
1.70642534682e-06,section
1.70641571435e-06,align
1.70640461855e-06,rede
1.70639197509e-06,replace
1.70637507791e-06,partially
1.70637333483e-06,commercial
1.7063627854e-06,corner
1.70626578141e-06,corrective
1.70620817005e-06,fortune
1.70619266948e-06,thankless
1.70618336276e-06,abstraction
1.70618133767e-06,length
1.7061653959e-06,prototype
1.70615693865e-06,percept
1.70613395565e-06,gather
1.70612030174e-06,motivate
1.70609047723e-06,tree
1.70606024871e-06,force
1.70593266041e-06,adoption
1.70592479834e-06,exclude
1.70587790002e-06,correlation
1.70586117389e-06,enter
1.70583607504e-06,rigid
1.705780523e-06,access
1.70575955747e-06,examination
1.70571226388e-06,cycle
1.70569426799e-06,built-in
1.70565347199e-06,brain
1.70559209094e-06,fiddling
1.7055820967e-06,attention
1.70552739443e-06,hallway
1.70552059942e-06,manual
1.70549166644e-06,box
1.70543839248e-06,number
1.70542432447e-06,forth
1.70542428942e-06,profile
1.70542180074e-06,elegantly
1.70526888261e-06,tightly
1.7052607652e-06,precise
1.70515230124e-06,glance
1.70513772593e-06,repertory
1.70513648205e-06,adverse
1.70507048546e-06,pile
1.70505056567e-06,classify
1.70500121282e-06,static
1.70500021894e-06,urban
1.7049639935e-06,distant
1.70495761483e-06,felt
1.70493103292e-06,invite
1.70490788306e-06,dysfunctional
1.70486047045e-06,core
1.70484273594e-06,primary
1.7048350622e-06,district
1.70483464936e-06,successful
1.70479179818e-06,evocative
1.7047687982e-06,framing
1.70476833799e-06,outside
1.70475286441e-06,away
1.70474433983e-06,forest
1.70473320339e-06,inadequate
1.70470719127e-06,previous
1.70466129973e-06,measurement
1.7046379106e-06,appreciate
1.70463141973e-06,moment
1.70462815268e-06,novitiate
1.7046051088e-06,audience
1.70459169929e-06,smell
1.70454015464e-06,imposter
1.70447928188e-06,bespeak
1.70447886617e-06,conference
1.70446637249e-06,way
1.70442292816e-06,busy
1.70438162449e-06,observation
1.70436475368e-06,responsiveness
1.70433275749e-06,many-sided
1.70433086282e-06,typical
1.70430872199e-06,excuse
1.70430585454e-06,lose
1.70429000551e-06,experiment
1.70421275372e-06,door
1.70417967295e-06,witness
1.70408053376e-06,damned
1.70406977375e-06,association
1.70404462748e-06,unrecognized
1.7039868536e-06,deep
1.70395685112e-06,flicker
1.70395351184e-06,afternoon
1.70394227078e-06,longer
1.70392223964e-06,correct
1.70390275513e-06,desktop
1.70388810161e-06,string
1.70388508575e-06,tense
1.70385982827e-06,smaller
1.70385262595e-06,retire
1.70382952034e-06,fall
1.70379483091e-06,unethical
1.7037527438e-06,doubt
1.70373797029e-06,adequate
1.70372251312e-06,heinz
1.70364920957e-06,windows
1.7036398709e-06,urge
1.7036305598e-06,friend
1.70362625058e-06,productive
1.70362515304e-06,recording
1.70355994027e-06,worthy
1.70347028703e-06,apt
1.70345905656e-06,drill
1.70345225747e-06,treat
1.70344685881e-06,morale
1.70342439819e-06,repositing
1.70338326163e-06,concrete
1.70333303296e-06,sponsorship
1.70333284694e-06,excellent
1.7033033141e-06,revisit
1.70330156194e-06,beer
1.70325467566e-06,advanced
1.70324585366e-06,shaping
1.70322618528e-06,session
1.70321021435e-06,soft
1.70319664269e-06,beta
1.70316563541e-06,profession
1.70315317215e-06,improvise
1.70315116663e-06,well
1.70314622144e-06,arguably
1.70313815213e-06,global
1.70313280871e-06,presently
1.70312593096e-06,everyday
1.7031151396e-06,date
1.70311410162e-06,advance
1.70306199939e-06,welcome
1.70305235928e-06,confuse
1.70304145583e-06,archive
1.70297613335e-06,handle
1.70296907918e-06,barrier
1.70295895014e-06,derive
1.70294346874e-06,strap
1.70293468504e-06,quickly
1.7028981585e-06,gently
1.7028865395e-06,plotter
1.70288558162e-06,mainstream
1.70287425739e-06,truth
1.70282708186e-06,fast
1.70277552115e-06,marks
1.70275661675e-06,hippie
1.70271149865e-06,shook
1.7026633931e-06,pillar
1.70265902269e-06,career
1.7026268805e-06,questioning
1.70259860138e-06,judgment
1.7025409772e-06,morning
1.70249712598e-06,consequently
1.7024717483e-06,excite
1.70247093076e-06,predecessor
1.70243232778e-06,rate
1.70243010485e-06,hughes
1.70242902015e-06,host
1.70242819917e-06,continuity
1.70240631502e-06,gig
1.70239026876e-06,harmonize
1.70237793949e-06,vertex
1.70235882048e-06,handful
1.70234086783e-06,bear
1.70231422316e-06,properly
1.70227221641e-06,debate
1.70226720298e-06,swimming
1.70226170617e-06,highway
1.70221414644e-06,lecture
1.70219201028e-06,peter
1.70218307867e-06,bridge
1.70216848794e-06,genuine
1.70215027382e-06,gleam
1.70212671348e-06,self
1.70212276454e-06,overall
1.70209339059e-06,illustration
1.70208415375e-06,agenda
1.70203384674e-06,test
1.70199108597e-06,grip
1.7019845081e-06,execute
1.70198072265e-06,incredible
1.70197546523e-06,anchor
1.70196967699e-06,hell
1.70195051112e-06,neighbor
1.70193773443e-06,graduation
1.70192517626e-06,exchange
1.70186657127e-06,ease
1.701864998e-06,uptime
1.70184181374e-06,name_calling
1.70184150862e-06,watch
1.70179324745e-06,allotment
1.70178077634e-06,surfeit
1.7017778008e-06,disadvantage
1.70176693646e-06,credence
1.70176629794e-06,drawing
1.7017657332e-06,listen
1.7017620196e-06,snip
1.70175839409e-06,commercially
1.70173338753e-06,efficiency
1.70171059653e-06,opposition
1.70170992703e-06,seriously
1.70170639638e-06,prime
1.70169416281e-06,colloquial
1.70169200609e-06,thank
1.7016877878e-06,hood
1.70168726051e-06,red
1.7016853991e-06,visit
1.70168144538e-06,referential
1.70167388727e-06,fine
1.70166878991e-06,creation
1.70165986563e-06,android
1.70165113197e-06,ideally
1.70164775292e-06,giving
1.70164106209e-06,conceptualization
1.70163143807e-06,embrace
1.7016307586e-06,hierarchical
1.70162715285e-06,tease
1.70161886499e-06,internal
1.70161364103e-06,virtual
1.70156268367e-06,groupware
1.70154578938e-06,parts
1.70152508183e-06,obtain
1.70152463427e-06,credits
1.70151446496e-06,shaking
1.70150492525e-06,baltimore
1.70150365456e-06,blue
1.70149917583e-06,successfully
1.70148292763e-06,feasible
1.70148279254e-06,feeling
1.70146483967e-06,senior
1.70145623963e-06,recover
1.70145446915e-06,subsequently
1.70145305785e-06,pachyderm
1.70143881444e-06,sic
1.70142845922e-06,jointly
1.70138210546e-06,catch
1.70138019033e-06,diagram
1.70137463001e-06,reprise
1.70135962214e-06,yellow
1.70135702241e-06,visual_image
1.70135457165e-06,reject
1.70134673086e-06,catalyze
1.70133837731e-06,potentially
1.70132694502e-06,however
1.70131689265e-06,silent
1.70131541781e-06,lookout
1.70131432613e-06,tax
1.70131161653e-06,covetous
1.70130803879e-06,intellectual
1.70128520888e-06,auxiliary
1.70128328471e-06,deduce
1.70127132827e-06,mate
1.70126237894e-06,past
1.70121577993e-06,remainder
1.70121306119e-06,hope
1.70120997444e-06,interconnection
1.70120395296e-06,exert
1.70117871614e-06,conform
1.70115695516e-06,metaphorical
1.70115511813e-06,spearmint
1.70111206984e-06,command
1.70109898217e-06,remote_control
1.70109021952e-06,defense
1.70108999531e-06,booklet
1.70108895672e-06,questionable
1.70107861842e-06,majority
1.70107472889e-06,surround
1.70105425331e-06,extrapolation
1.70105075774e-06,breadcrumb
1.70105041894e-06,stipulate
1.70104723086e-06,portal
1.7010467007e-06,briefly
1.70103923482e-06,pleasantry
1.70102373384e-06,treatment
1.70101691943e-06,alright
1.7010106347e-06,throughput
1.70100922798e-06,inspire
1.70099719332e-06,drift
1.7009791957e-06,download
1.70097856747e-06,playing
1.70097013476e-06,influential
1.70096551159e-06,farm
1.70095646664e-06,succinctly
1.70095356093e-06,preoccupy
1.70095340805e-06,nod
1.70095305333e-06,disclosure
1.70095269745e-06,final
1.70095221695e-06,preoccupation
1.70094056408e-06,attendant
1.70093874754e-06,freeware
1.70093001855e-06,administrative
1.70092572387e-06,prohibitive
1.70090970327e-06,endlessly
1.70090612741e-06,press
1.70088898494e-06,subordinate
1.70087308552e-06,foreground
1.70086807884e-06,pertinent
1.70086651415e-06,jason
1.7008596953e-06,coordination
1.70085817544e-06,demonstration
1.70084957165e-06,july
1.70083677159e-06,requirement
1.70083524552e-06,foreman
1.70082366107e-06,award
1.70081596081e-06,puzzle
1.70081214769e-06,berkeley
1.70079269159e-06,reform
1.70078990228e-06,naming
1.7007855227e-06,sum
1.7007843571e-06,hook
1.70078058652e-06,motion
1.70077821352e-06,artistic
1.70077563725e-06,deck
1.70077467398e-06,barroom
1.70077153836e-06,pursued
1.70077085343e-06,privilege
1.70074097402e-06,mastering
1.70073610552e-06,aluminum
1.70072251253e-06,happy
1.70072087558e-06,prescription
1.70072085839e-06,quotation_mark
1.70071906329e-06,governmental
1.70071278917e-06,submit
1.70071089503e-06,pronounce
1.70069676327e-06,sophisticate
1.70068817132e-06,settling
1.70068031321e-06,icon
1.70067519644e-06,injury
1.70067364783e-06,expertness
1.70066678321e-06,discomfort
1.7006632417e-06,adapt
1.70065919872e-06,earth
1.70065232547e-06,install
1.70065064551e-06,sound
1.70063775689e-06,australian
1.7006340624e-06,quaint
1.7006319856e-06,path
1.70062081153e-06,bucket
1.70061998248e-06,ohio
1.70060673452e-06,assignment
1.700601654e-06,dissident
1.70060148275e-06,reasoning
1.70060086885e-06,comprehensive_examination
1.70059518189e-06,surely
1.70058887659e-06,ironic
1.70058819603e-06,multiplicity
1.70058264123e-06,shun
1.70057826929e-06,previously
1.7005739578e-06,ripening
1.700566148e-06,edison
1.70056402198e-06,veteran
1.70056378965e-06,table
1.70055549145e-06,assail
1.70055026666e-06,political
1.70052333775e-06,longstanding
1.70051356772e-06,valuable
1.70051176549e-06,zhou
1.70050360125e-06,blame
1.70048755359e-06,shed
1.70047481456e-06,drone
1.70047418905e-06,riding
1.70047214358e-06,iterative
1.70046706576e-06,improvisation
1.70045682816e-06,managerial
1.7004546072e-06,eventuate
1.70044912387e-06,revision
1.70044667706e-06,ship
1.7004395151e-06,customer
1.70043515148e-06,paraphrase
1.70043482931e-06,aside
1.70043460969e-06,angle
1.70043198622e-06,author
1.70042188557e-06,prose
1.70042160489e-06,listening
1.70042140597e-06,tour
1.70042131299e-06,freely
1.70041416598e-06,underscore
1.70040037057e-06,evaluation
1.70038891603e-06,intuitive
1.70037044521e-06,strength
1.70036088113e-06,neat
1.70035032427e-06,thoughtful
1.70035000294e-06,committee
1.70034878863e-06,prior
1.70034485609e-06,gawky
1.70034171896e-06,browse
1.70033371813e-06,side
1.70033024725e-06,shoe
1.7003286811e-06,intercede
1.70032342803e-06,harass
1.70031839185e-06,fabrication
1.70029089403e-06,invest
1.70027769029e-06,representation
1.70026121137e-06,painful
1.70025691048e-06,motorcycle
1.70025200463e-06,extra
1.70022910602e-06,federal
1.70022672963e-06,odd
1.70022352039e-06,perceive
1.70021585597e-06,deplore
1.70021293404e-06,hit
1.70021180378e-06,disk
1.70020883184e-06,russell
1.70019850037e-06,bargain
1.70019714053e-06,premise
1.700196588e-06,interior_designer
1.70019148184e-06,dead
1.70018962359e-06,afresh
1.70018543762e-06,unstructured
1.70017571251e-06,gear
1.70017053374e-06,homecoming
1.70016876683e-06,stairs
1.70016351013e-06,fold
1.70016255312e-06,interrupt
1.70015963238e-06,fashion
1.70015822969e-06,anecdotal
1.70015143219e-06,ruefully
1.70014994919e-06,killing
1.70014878047e-06,reclamation
1.70013646042e-06,edge
1.70011607815e-06,positive
1.70010521137e-06,exploratory
1.70010292272e-06,mission
1.70010139807e-06,science
1.70010049573e-06,trail
1.70009220567e-06,supernumerary
1.70008629417e-06,malaise
1.70008517176e-06,formulation
1.70006684072e-06,distinct
1.70005231604e-06,offense
1.70004934737e-06,seat
1.70004769331e-06,telephone
1.70004399967e-06,economic
1.70004343992e-06,weak
1.70004193825e-06,mugwump
1.700037485e-06,denote
1.70003511935e-06,incomplete
1.70003319773e-06,update
1.70002933021e-06,cast
1.70002923624e-06,promotion
1.70002411876e-06,apparent
1.70001716705e-06,snap
1.70001034361e-06,arcane
1.70000398617e-06,controversy
1.69998714659e-06,amazon
1.69998417054e-06,receivership
1.69998105885e-06,wooden
1.69996924359e-06,utility
1.69996886804e-06,luminary
1.69996674946e-06,principal
1.69996291132e-06,akin
1.69995436586e-06,florida
1.69995197003e-06,deviation
1.69995184936e-06,tom
1.69995072038e-06,dose
1.69995068598e-06,inherently
1.69994404257e-06,reimbursement
1.69994298369e-06,significantly
1.69989458371e-06,likelihood
1.699885808e-06,split
1.69988355875e-06,saturday
1.69988132508e-06,chair
1.6998804292e-06,preference
1.69987237436e-06,intersection
1.69986961742e-06,keystroke
1.69986516252e-06,heterosexual
1.69986077614e-06,desirable
1.69985265911e-06,bureaucratic
1.6998419543e-06,cafe
1.69983570922e-06,changer
1.69982101173e-06,punishment
1.69981399778e-06,intrigue
1.69981060647e-06,counterattack
1.69979695432e-06,century
1.69979077281e-06,competent
1.69978730607e-06,straightforward
1.69978180823e-06,insecurity
1.69977645013e-06,trick
1.69976496553e-06,eloquence
1.69976403539e-06,io
1.69975148086e-06,gesticulate
1.69975104303e-06,quiet
1.6997487558e-06,realistic
1.69974555687e-06,librarian
1.69974412025e-06,skilled
1.69973990529e-06,guru
1.69973832843e-06,apologetically
1.69973789405e-06,altruistically
1.69972840742e-06,voice
1.69972510506e-06,burden
1.69971318031e-06,appearance
1.69970308032e-06,spending
1.69970128367e-06,vehemently
1.69970120389e-06,roots
1.69969758404e-06,shelf
1.69969137109e-06,planner
1.69968021581e-06,complain
1.69966748842e-06,passage
1.69966617199e-06,permeate
1.699664397e-06,tangible
1.69966011858e-06,slippery
1.69964882161e-06,fraction
1.69964507312e-06,productively
1.69964185381e-06,shortcut
1.69963522068e-06,adversely
1.69963076699e-06,stand
1.69962769855e-06,cut
1.69961929562e-06,hypermedia
1.69960716764e-06,developer
1.69959266044e-06,progress
1.69958716854e-06,dainty
1.69957310799e-06,awful
1.69957210397e-06,incorporate
1.69957183577e-06,acquaintance
1.69956983295e-06,appraisal
1.69955991032e-06,gate
1.6995289825e-06,echelon
1.69952583647e-06,dismay
1.69949230234e-06,happily
1.69946904942e-06,misinterpret
1.69946383239e-06,robust
1.6994361135e-06,vastly
1.69943006542e-06,inverse
1.69941390339e-06,timothy
1.69940162955e-06,coffee
1.6993970089e-06,comparison
1.69938071382e-06,subjectivity
1.6993674392e-06,approve
1.69936443686e-06,fields
1.69936416831e-06,snapshot
1.69935968414e-06,useless
1.69935762228e-06,lodge
1.69931310123e-06,screening
1.69931307404e-06,meaningful
1.69929834034e-06,pen
1.69929007058e-06,keynote
1.69928931827e-06,intellectually
1.69928709713e-06,fruitful
1.69928552088e-06,prolong
1.69927530397e-06,classroom
1.69926956058e-06,naturally
1.69925117275e-06,lazy
1.69924832212e-06,excessively
1.69923063861e-06,airs
1.69922089272e-06,lemon
1.69921221611e-06,solicit
1.6991949775e-06,teaching
1.69918332627e-06,tempt
1.6991804236e-06,imperative_mood
1.6991637236e-06,heartily
1.69915622411e-06,improbable
1.69915018862e-06,cologne
1.69914173084e-06,polish
1.69913994064e-06,hint
1.69913158676e-06,eat
1.69913098259e-06,ready
1.69911237768e-06,chaos
1.69910701408e-06,simplistic
1.69909964927e-06,proverbial
1.69906757481e-06,hat
1.69906439906e-06,clause
1.6990613072e-06,silence
1.69903744963e-06,chewing_gum
1.69902872536e-06,honest
1.6990130366e-06,explicitly
1.69899998198e-06,hone
1.69897601463e-06,comply
1.69894873614e-06,literally
1.69894592593e-06,cartridge_holder
1.69893527609e-06,unpack
1.69893077289e-06,retrospective
1.69891839338e-06,exemplar
1.69891078072e-06,smooth
1.69889590023e-06,conditioning
1.69888710361e-06,worry
1.69888430707e-06,estimate
1.69888383156e-06,detail
1.69886401896e-06,edit
1.69886075234e-06,decree
1.69885715994e-06,calculate
1.6988527998e-06,board
1.69883239302e-06,qualitative
1.6988292623e-06,grapnel
1.69882436771e-06,stretch
1.69881883984e-06,pour
1.69880830095e-06,twentieth
1.69879982406e-06,keeping
1.69879790759e-06,satisfy
1.69875981924e-06,snake
1.69874332493e-06,friday
1.698729834e-06,negotiation
1.69872799978e-06,sitting
1.69871315649e-06,proverb
1.69870874522e-06,lean
1.6987076995e-06,sample
1.69868658153e-06,positional
1.69868229008e-06,stick
1.69867617833e-06,yttrium
1.6986686831e-06,unharmed
1.69865596712e-06,service
1.69865349577e-06,ace
1.69863190894e-06,weekend
1.698622054e-06,syndrome
1.69860428007e-06,rehearsal
1.6985766077e-06,mechanize
1.69855797855e-06,ubiquity
1.69854841002e-06,transportation_system
1.6985483562e-06,hazardous
1.69854265042e-06,amaze
1.69852589661e-06,wobble
1.69852535276e-06,pad
1.69851656476e-06,waltz
1.69851107477e-06,reception
1.69850459869e-06,thwart
1.69850137945e-06,minimize
1.69848591069e-06,library
1.69848478927e-06,solve
1.69847315345e-06,holistic
1.6984514063e-06,apprehensible
1.6984440209e-06,peculiarity
1.69842098961e-06,preexist
1.6984128211e-06,organize
1.69840169398e-06,uncomfortable
1.69839506227e-06,automation
1.69839116065e-06,values
1.69838334868e-06,folks
1.69838269097e-06,fly
1.69837618604e-06,brush
1.69836374527e-06,conflict
1.69836085812e-06,scientist
1.69833836904e-06,stalk
1.69833260148e-06,predicament
1.69832856184e-06,fantasy
1.6983282522e-06,strong
1.69829446157e-06,textbook
1.69829183851e-06,conceptually
1.69828509437e-06,adequately
1.69828183661e-06,construction
1.69827575561e-06,spoon
1.69826769585e-06,bookshelf
1.69826537791e-06,instinct
1.69825820112e-06,enjoy
1.69825625014e-06,lab
1.69824912807e-06,music
1.69824685287e-06,seam
1.69823090724e-06,hate
1.69822064357e-06,adult
1.69819309282e-06,iteration
1.69817666996e-06,forgiveness
1.69816845194e-06,lightly
1.69815664187e-06,tibetan
1.69812839591e-06,hammer
1.69809432662e-06,yard
1.69807861283e-06,unexpected
1.69807549573e-06,repute
1.69807504982e-06,prefer
1.69806993088e-06,delphi
1.69806973878e-06,engine
1.69806539603e-06,debatable
1.6980584071e-06,rigorous
1.69804914546e-06,wall
1.69802584411e-06,vacate
1.69801953665e-06,evil
1.69800577743e-06,night
1.6979750416e-06,exploration
1.6979719958e-06,oil
1.69797168014e-06,blanket
1.69796776284e-06,strictly
1.69794917804e-06,subsequent
1.69790487582e-06,disturb
1.69790024761e-06,wrestle
1.69788727645e-06,put
1.69787345278e-06,mine
1.6978534316e-06,disease
1.69784804007e-06,phenomenon
1.69783819885e-06,autopsy
1.69783490856e-06,investigate
1.69779765863e-06,crass
1.69778642348e-06,uncommon
1.69777118095e-06,mix
1.69775791822e-06,coordinate
1.69775778513e-06,dig
1.69775642511e-06,gestate
1.69773856326e-06,doctor
1.69773076931e-06,fillet
1.69771602636e-06,prioritize
1.69769787786e-06,crossing
1.69768013418e-06,message
1.6976777463e-06,encyclopedia
1.69767497107e-06,brooding
1.69766498282e-06,card_game
1.69766345627e-06,bent
1.69766233398e-06,visceral
1.69765141341e-06,stonecutter
1.69765106921e-06,damn
1.69764595236e-06,index
1.69764492853e-06,forte
1.69764098525e-06,lump
1.6976400757e-06,technically
1.69763882066e-06,sofa
1.69762322011e-06,contradiction
1.69761881275e-06,accommodate
1.69761485731e-06,criticism
1.6975933161e-06,emergence
1.69759267959e-06,amenable
1.69758053526e-06,flower_people
1.69757949489e-06,trash
1.69757704151e-06,cherry
1.69757150829e-06,chilling
1.69756949468e-06,pain
1.69756722501e-06,elevator
1.69755669544e-06,attentive
1.69755569138e-06,beggar
1.69755090278e-06,handy
1.69754392864e-06,multinational
1.69754334618e-06,apparently
1.69754143616e-06,neglect
1.69754055702e-06,procurement
1.69752263498e-06,course_of_study
1.69750641724e-06,obscure
1.69750494048e-06,body
1.6975038018e-06,consensus
1.69750330074e-06,stress
1.69749501015e-06,adrift
1.69749370201e-06,pun
1.69749271323e-06,fight
1.69748803619e-06,reminisce
1.69747823554e-06,synthesize
1.69747717888e-06,pace
1.69747306034e-06,transport
1.69747158447e-06,security
1.69747049647e-06,helpful
1.69746014042e-06,endless
1.69745691893e-06,tying
1.69744907818e-06,draw_a_bead_on
1.69744660772e-06,apologize
1.69744589824e-06,by_the_way
1.69744117354e-06,terrific
1.69743791026e-06,thorax
1.69743781778e-06,knowing
1.69743170081e-06,neuroscientist
1.69742987261e-06,clutter
1.69742918907e-06,pressing
1.6974279598e-06,lister
1.69742088402e-06,wrap
1.69741015393e-06,epic_poem
1.69740618628e-06,shire
1.69739718182e-06,edition
1.69737831331e-06,outfit
1.6973760419e-06,soon
1.69737303453e-06,unfair
1.69735985599e-06,applicable
1.69733898559e-06,extenuate
1.69733780726e-06,brainless
1.69733474229e-06,analyst
1.697332766e-06,robin
1.69733002478e-06,resurrect
1.69732599969e-06,entangle
1.6973210118e-06,immerse
1.69732028105e-06,categorize
1.69731797513e-06,codify
1.69729758432e-06,implicitly
1.69729607103e-06,wrinkle
1.69729399016e-06,presumably
1.69729017372e-06,maze
1.69728696551e-06,cookie
1.6972819735e-06,happiness
1.69727889961e-06,anxiety
1.69727545125e-06,stagger
1.69727099903e-06,pretense
1.69726997089e-06,hanging
1.6972693333e-06,hack
1.69725377124e-06,conversely
1.69724962141e-06,fable
1.69724759381e-06,successor
1.69723682534e-06,nuance
1.69723292965e-06,toilet
1.69722152211e-06,water
1.69721064809e-06,hindrance
1.69720397259e-06,sustainability
1.69719808963e-06,participate
1.697194664e-06,grandiose
1.69719449885e-06,dexterity
1.69719214542e-06,divide
1.69718438839e-06,simulation
1.69718122078e-06,money
1.69717976297e-06,directness
1.69717900306e-06,confederate
1.6971777574e-06,sessions
1.69717713368e-06,valid
1.69717096346e-06,resoluteness
1.6971691178e-06,extensively
1.69716798615e-06,butt
1.69714916349e-06,journey
1.69714833532e-06,formalize
1.69713554345e-06,impractical
1.69712762033e-06,compress
1.69712739447e-06,discovery
1.69712400802e-06,supervision
1.69711879408e-06,blend
1.69711824063e-06,output
1.69711401236e-06,probationary
1.69710297315e-06,feed
1.69709193125e-06,import
1.69709110577e-06,boardroom
1.69709002829e-06,intentionally
1.69708705618e-06,waste
1.69708535107e-06,pop
1.69707123858e-06,finale
1.69705772799e-06,cloud
1.69704673359e-06,automatize
1.69703893996e-06,appropriately
1.69703131947e-06,boil
1.69702258643e-06,sneaky
1.69702167872e-06,public_house
1.69702032057e-06,rich
1.69701780147e-06,pay
1.69700979556e-06,round
1.69700551899e-06,sink
1.69700105667e-06,nudge
1.69699791609e-06,expensive
1.69698975402e-06,indirectly
1.69698951195e-06,lucky
1.69698677272e-06,sort
1.69698632964e-06,tack
1.69697244725e-06,swerve
1.69696660325e-06,petard
1.69695454723e-06,nutshell
1.69694927387e-06,contract
1.69694397472e-06,facing
1.69693913233e-06,receptive
1.69693875513e-06,gladiolus
1.69692783e-06,agreement
1.69692103706e-06,versatile
1.69692038902e-06,miner
1.69691915035e-06,circle
1.69691306184e-06,allude
1.69691158676e-06,precursor
1.69691080116e-06,pause
1.69690863314e-06,perusal
1.69690679141e-06,homework
1.6969031371e-06,plenty
1.69690279057e-06,neutral
1.69690100303e-06,hindsight
1.69690056263e-06,collage
1.69689433348e-06,brilliant
1.69687159714e-06,preset
1.69686785083e-06,daunt
1.69686413511e-06,inspiration
1.6968575964e-06,suck
1.6968559085e-06,deserve
1.69684572764e-06,gold
1.69683732997e-06,end_product
1.69683537072e-06,synthesis
1.69682445031e-06,wash
1.69681593616e-06,arbor
1.69681177646e-06,house
1.69679344861e-06,wyrd
1.69679228854e-06,transcript
1.69679178555e-06,patron
1.69676187572e-06,beautifully
1.69675774373e-06,huffy
1.69674505076e-06,maestro
1.69673976448e-06,grad
1.69673235989e-06,pitch
1.69670724486e-06,law
1.6966970201e-06,freebie
1.69669177307e-06,card
1.69668547079e-06,prosody
1.69668427513e-06,timing
1.69668189804e-06,stack
1.69667585508e-06,distraction
1.69667150409e-06,deadlocked
1.69667023566e-06,educate
1.69666588295e-06,bird
1.69665623472e-06,inventor
1.69665386122e-06,gulp
1.69665170896e-06,expansion
1.69663100925e-06,covering
1.69659235059e-06,coalface
1.69658783495e-06,disagree
1.69658646825e-06,unfamiliar
1.69658329834e-06,generalization
1.69657718304e-06,maker
1.69657091674e-06,intuitively
1.69656100423e-06,thread
1.69655718871e-06,sidelong
1.69655713071e-06,sent
1.6965322223e-06,fortunately
1.69652637223e-06,unwritten
1.69651090498e-06,announce
1.69650789471e-06,prevailing
1.69650432075e-06,patching
1.69649178425e-06,cooler
1.69648934997e-06,unwieldy
1.69647016451e-06,coal
1.69643910228e-06,pursuit
1.69642843903e-06,bell
1.69641546e-06,guise
1.69640963093e-06,eagerness
1.69638625001e-06,retirement
1.69635540083e-06,profound
1.69635089178e-06,parent
1.69634858713e-06,panic
1.69634257579e-06,dry
1.69632620625e-06,enforcement
1.69631474799e-06,undervalue
1.69630329039e-06,ultimate
1.69629766607e-06,imposition
1.69626607346e-06,confident
1.69625291441e-06,patronize
1.69624686841e-06,interface
1.69623674554e-06,field
1.69623484124e-06,transaction
1.69621420343e-06,heterogeneous
1.69620797e-06,devices
1.69619946331e-06,bargaining
1.696166948e-06,care
1.69616031069e-06,machine
1.69615790129e-06,unpredictable
1.69615265398e-06,google
1.69615131331e-06,tame
1.69614939165e-06,supervisor
1.69614070861e-06,span
1.6961345467e-06,eventuality
1.69611478949e-06,entrance
1.69611329936e-06,bed
1.69611087317e-06,operator
1.69610855149e-06,massive
1.69609795753e-06,random
1.69608966283e-06,overplus
1.6960894553e-06,sap
1.69608917266e-06,fee
1.69608413332e-06,blossom
1.69607136648e-06,mining
1.69606587802e-06,mechanization
1.69606209445e-06,thirty
1.69605016557e-06,enormous
1.69604487615e-06,stumble
1.69603930562e-06,automatic_rifle
1.69602589157e-06,adaptability
1.69602452632e-06,labor
1.69601352901e-06,explosive
1.69601026159e-06,pull
1.69600401399e-06,sour
1.69599785097e-06,nicely
1.69599696568e-06,desirous
1.69596997993e-06,regardless
1.69596939452e-06,invalidate
1.69596068312e-06,adjustment
1.69595388437e-06,electric
1.69595230203e-06,interact
1.69594725206e-06,incur
1.69594127633e-06,weave
1.69591982108e-06,paradoxical
1.6959039599e-06,contribution
1.695869469e-06,contradict
1.69586150279e-06,shortlist
1.69585925771e-06,jensen
1.6958555251e-06,crucial
1.69585510155e-06,favor
1.69584788435e-06,apprehension
1.69582925742e-06,paradox
1.69581328709e-06,underground
1.69580420239e-06,violate
1.69579829935e-06,growth
1.6957971945e-06,actor
1.69579006811e-06,verify
1.69576937252e-06,scholar
1.69575187799e-06,identical
1.69575171442e-06,elaborateness
1.69574948883e-06,graduate_student
1.69571811585e-06,acceptable
1.69560986825e-06,newly
1.69560252277e-06,nationalize
1.69560212734e-06,ill-sorted
1.69559899547e-06,absenteeism
1.69559284529e-06,cooperation
1.69555793096e-06,chap
1.69554696983e-06,competition
1.69547338152e-06,work_force
1.69544297136e-06,delay
1.69543664603e-06,nationalization
1.69537987628e-06,excerpt
1.6953796644e-06,attractive
1.69536699264e-06,hierarchically
1.69532997752e-06,regulation
1.69532741628e-06,intensify
1.69532497741e-06,taylor
1.69531944108e-06,chronic
1.69531227969e-06,spirit
1.69529506772e-06,cognizance
1.69528697128e-06,equally
1.69528630786e-06,institute
1.69528148787e-06,thursday
1.69527924979e-06,minimum
1.6952783273e-06,production
1.69527735504e-06,atmosphere
1.69527120386e-06,reference
1.69526967277e-06,yorkshire
1.69526750647e-06,remove
1.6952664608e-06,personal_business
1.69526520746e-06,ritual
1.69526303381e-06,blight
1.69526146117e-06,survive
1.69526102144e-06,collide
1.69525910854e-06,aged
1.69525374348e-06,completion
1.69525332138e-06,backdrop
1.69525188464e-06,ford
1.69525109136e-06,infrequent
1.69524657544e-06,specialize
1.69524573695e-06,bureaucracy
1.69524318943e-06,reliable
1.69524168425e-06,extraction
1.69524115727e-06,marrow
1.6952327578e-06,autonomous
1.69523122042e-06,glaringly
1.69523086604e-06,negociate
1.69522852824e-06,abrasion
1.69522852792e-06,allocate
1.69522633502e-06,dispute
1.6952240161e-06,workmate
1.69522286211e-06,factory
1.69521965802e-06,subdivide
1.69521814538e-06,comparative
1.69521570967e-06,monitoring
1.69521288245e-06,recount
1.69521249957e-06,essay
1.69521172509e-06,monetary_value
1.69520623074e-06,substitute
1.69520616999e-06,pit
1.6952022612e-06,suffer
1.69520115766e-06,trustworthy
1.69519897919e-06,uniquely
1.69519776796e-06,news
1.69519739836e-06,born
1.69519633455e-06,efficaciously
1.69519259497e-06,thinker
1.69519107424e-06,compose
1.69518750979e-06,produce
1.69517962646e-06,employment
1.69517243588e-06,technological
1.69517241506e-06,coalfield
1.69516908392e-06,national
1.69515911029e-06,civility
1.69515881756e-06,reorganize
1.69514955267e-06,recapture
1.69514802079e-06,proctor
1.69514793021e-06,laminitis
1.69514619965e-06,common
1.69513690912e-06,emergency
1.69513370129e-06,average
1.69509294613e-06,disorganization
1.69491111292e-06,grass
1.69490973247e-06,algorithm
1.69490906051e-06,engagement
1.69490743299e-06,methodology
1.6949074258e-06,differ
1.69490729942e-06,gathering
1.6949072994e-06,routine
1.69490696308e-06,plot
1.69490654427e-06,simon
1.69490634828e-06,doomed
1.69490613194e-06,specification
1.69490601646e-06,symbolic
1.69490594156e-06,pacify
1.69490586968e-06,redux
1.69490551408e-06,substance
1.69490547968e-06,sherlock_holmes
1.69490538912e-06,forum
1.69490519571e-06,heraclitus
1.69490507854e-06,symbol
1.69490502721e-06,erase
1.6949049041e-06,sheared
1.69490487695e-06,handover
1.69490479542e-06,precaution
1.69490458787e-06,modeling
1.69490452456e-06,postscript
1.6949043306e-06,subset
1.69490431917e-06,operations
1.69490425795e-06,arbitrary
1.69490424197e-06,consistent
1.69490407506e-06,ritualize
1.69490404388e-06,attention_deficit_disorder
1.69490397314e-06,parmenides
1.69490391131e-06,pole
1.69490388068e-06,greatly
1.69490387931e-06,careless
1.69490374021e-06,meeting
1.69490365384e-06,scheduling
1.69490363364e-06,interaction
1.69490358819e-06,unchanging
1.69490355808e-06,scientific
1.69490351321e-06,affiliation
1.69490350008e-06,functionality
1.69490339377e-06,origin
1.69490334243e-06,constitute
1.69490332552e-06,watson
1.69490326716e-06,mutual_opposition
1.6949032484e-06,formulaic
1.69490318312e-06,player
1.69490317516e-06,ranking
1.69490312769e-06,central
1.69490311863e-06,label
1.69490310616e-06,bicker
1.69490308282e-06,judge
1.69490301616e-06,balance
1.69490299415e-06,politick
1.69490298817e-06,overthrow
1.69490298205e-06,raw
1.69490297603e-06,expectation
1.6949029466e-06,proficiency
1.69490288107e-06,apparition
1.69490287344e-06,sign_language
1.69490287103e-06,falsify
1.69490283358e-06,egg
1.69490283116e-06,rank
1.69490279252e-06,programmer
1.69490276641e-06,cryptography
1.69490276065e-06,incentive
1.6949027591e-06,attachment
1.69490275882e-06,adoptive_parent
1.69490275585e-06,kernel
1.69490274646e-06,belong
1.69490273969e-06,object
1.69490272861e-06,typify
1.69490272308e-06,thoroughly
1.69490269309e-06,loyalty
1.69490266116e-06,commandeer
1.69490266102e-06,testing
1.69490265258e-06,fief
1.69490261497e-06,examiner
1.69490260582e-06,trainer
1.69490259983e-06,socially
1.69490257153e-06,objectivity
1.69490257059e-06,lock
1.69490255335e-06,turf
1.69490253879e-06,contradictory
1.69490250212e-06,roll
1.69490245829e-06,facade
1.69490241699e-06,anomaly
1.69490240948e-06,enthusiastic
1.69490240727e-06,uncover
1.69490240269e-06,cringle
1.694902393e-06,truism
1.69490239172e-06,symbolize
1.69490238152e-06,predict
1.6949023782e-06,analytic
1.69490236032e-06,converge
1.69490235661e-06,johnson
1.69490233863e-06,mister
1.69490231357e-06,conscience
1.69490230902e-06,entity
1.6949023071e-06,waterfall
1.69490228091e-06,irrational_number
1.69490223395e-06,doppelganger
1.69490221875e-06,heidegger
1.69490221311e-06,torah
1.69490217881e-06,allegedly
1.69490216934e-06,ad
1.69490216447e-06,detriment
1.69490215639e-06,entrepreneur
1.69490213666e-06,veneer
1.69490213663e-06,humanistic_discipline
1.69490210131e-06,physics
1.69490208681e-06,quadrant
1.69490207971e-06,categorization
1.69490204398e-06,physicist
1.69490202625e-06,chosen
1.69490199445e-06,virtue
1.69490196849e-06,subjective
1.69490196531e-06,esoteric
1.69490196136e-06,typology
1.69490194279e-06,stereotype
1.69490194022e-06,tailor
1.69490193261e-06,asset
1.69490191286e-06,assortment
1.6949019021e-06,savage
1.69490190179e-06,tome
1.69490189876e-06,private_detective
1.69490189568e-06,classical_music
1.6949018788e-06,stain
1.6949018733e-06,gross_sales
1.69490187183e-06,deem
1.69490185811e-06,cogency
1.69490183368e-06,mechanics
1.69490182888e-06,newton
1.69490182416e-06,input_signal
1.69490182301e-06,language
1.69490179829e-06,predictability
1.69490179396e-06,bradley
1.69490177987e-06,incarnate
1.69490176892e-06,concentrate
1.69490176489e-06,ignorance
1.69490175439e-06,professionalism
1.69490174897e-06,generalize
1.69490173903e-06,unwrap
1.69490173729e-06,statistical
1.69490172362e-06,foundation
1.69490171866e-06,postmodernism
1.69490171579e-06,mainframe
1.69490170667e-06,rep
1.69490170174e-06,wrist
1.69490168986e-06,hover
1.69490168329e-06,digest
1.69490168214e-06,overview
1.69490167729e-06,einstein
1.69490166556e-06,icky
1.69490165846e-06,proposal
1.69490165741e-06,downside
1.69490165701e-06,grandiloquent
1.69490165684e-06,gloss
1.69490165116e-06,portray
1.69490164897e-06,spacecraft
1.69490163945e-06,chew_over
1.69490163702e-06,anti
1.69490162979e-06,remind
1.69490162531e-06,joint
1.69490162352e-06,gesture
1.69490161056e-06,ivory
1.69490160711e-06,supplier
1.69490160614e-06,bowl
1.69490160586e-06,introductory
1.69490159849e-06,pair
1.69490159729e-06,stupid
1.69490159647e-06,chino
1.69490159551e-06,concede
1.6949015941e-06,curse
1.69490159333e-06,resistance
1.69490158994e-06,hire
1.69490158939e-06,cartesian
1.69490158534e-06,purchase
1.69490158251e-06,emphasizing
1.6949015805e-06,resemblance
1.69490157606e-06,shape
1.69490157301e-06,disappear
1.69490156925e-06,contemporary
1.69490156365e-06,camp
1.69490156357e-06,modeler
1.69490156302e-06,david
1.69490155927e-06,proactive
1.69490155221e-06,kelvin
1.69490155051e-06,trader
1.69490154931e-06,garbage
1.69490154448e-06,tilt
1.69490154397e-06,juggle
1.69490154118e-06,accounting
1.69490154024e-06,shooting
1.69490153963e-06,reformer
1.69490153911e-06,approximately
1.69490153572e-06,tower
1.69490153562e-06,baker
1.69490153014e-06,nonsense
1.69490152528e-06,tad
1.69490152432e-06,shortly
1.69490152424e-06,enumerate
1.69490152387e-06,counter
1.69490152033e-06,sixth
1.69490152011e-06,overstate
1.69490151861e-06,closer
1.69490151588e-06,metaphysics
1.6949015111e-06,mentality
1.69490151003e-06,emotion
1.69490150994e-06,customary
1.6949015086e-06,southern_cross
1.69490150757e-06,standish
1.6949015056e-06,enchantment
1.69490150415e-06,false
1.69490150308e-06,theoretical
1.69490150015e-06,snow
1.69490149927e-06,perfective
1.69490149885e-06,chief_executive_officer
1.69490149808e-06,godhead
1.69490149375e-06,gross
1.69490149305e-06,complicate
1.69490148953e-06,dogma
1.69490148933e-06,unawares
1.69490148862e-06,unduly
1.69490148614e-06,correspondence
1.69490148398e-06,status
1.69490148324e-06,omelet
1.69490148116e-06,sad
1.69490147812e-06,copying
1.69490147439e-06,predetermine
1.69490147328e-06,blood
1.69490146977e-06,withdrawal
1.69490146852e-06,roll_up
1.69490146848e-06,reminder
1.69490146793e-06,society
1.69490146604e-06,proceeding
1.69490146262e-06,decision_making
1.6949014626e-06,enliven
1.69490146251e-06,carrier
1.69490146226e-06,beloved
1.69490146147e-06,tradition
1.69490146109e-06,twist
1.69490146014e-06,unusual
1.69490146014e-06,emphasis
1.69490146003e-06,incorrect
1.69490145676e-06,cook
1.69490145656e-06,illusion
1.69490145223e-06,bismuth
1.69490145208e-06,cash
1.69490145126e-06,patrol
1.69490144854e-06,incontrovertible
1.69490144747e-06,minority
1.69490144629e-06,elementary
1.69490144619e-06,climate
1.69490144295e-06,dinner
1.69490143997e-06,relativity
1.69490143592e-06,concealment
1.6949014346e-06,custom-make
1.69490143453e-06,derivation
1.6949014339e-06,pick
1.69490143274e-06,polymath
1.69490142616e-06,street
1.69490142574e-06,roentgen
1.69490142547e-06,ambivalent
1.69490142445e-06,erbium
1.6949014235e-06,complement
1.6949014228e-06,special
1.69490142201e-06,aforesaid
1.69490141904e-06,questionably
1.69490141761e-06,accused
1.69490141463e-06,horizon
1.69490141373e-06,entrepreneurial
1.69490141306e-06,mirror
1.6949014111e-06,liter
1.69490141102e-06,maxwell
1.69490141048e-06,fetish
1.69490141037e-06,enjoyable
1.69490140995e-06,hypothesis
1.69490140644e-06,venture
1.69490140618e-06,strongly
1.69490140533e-06,predictable
1.69490140522e-06,foreword
1.69490140155e-06,detach
1.69490140141e-06,universal
1.69490140031e-06,irritation
1.69490139667e-06,extreme
1.69490139563e-06,attire
1.69490139511e-06,mouth
1.69490139455e-06,fraudulence
1.6949013939e-06,authenticity
1.69490139383e-06,ambitious
1.69490139369e-06,text
1.69490139256e-06,interestingly
1.69490139056e-06,win
1.69490138939e-06,criminal
1.69490138891e-06,dab
1.69490138632e-06,fifth
1.69490138463e-06,assert
1.69490138149e-06,asia
1.69490138115e-06,inability
1.69490138066e-06,assumptive
1.69490137964e-06,recall
1.69490137771e-06,hesitate
1.69490137751e-06,mislead
1.69490137459e-06,contact
1.69490137413e-06,conscious
1.69490136926e-06,fondness
1.69490136812e-06,purveyor
1.69490136751e-06,wait
1.69490136699e-06,quantitative
1.69490136674e-06,narrate
1.69490136354e-06,imperiously
1.69490136094e-06,elegance
1.6949013598e-06,electromagnetic
1.69490135916e-06,appeal
1.69490135751e-06,withdraw
1.69490135715e-06,wise
1.69490135619e-06,intension
1.69490135615e-06,beckon
1.69490135576e-06,move
1.69490135509e-06,klein
1.69490135453e-06,insensitivity
1.69490135369e-06,dismiss
1.69490135357e-06,operational
1.69490135245e-06,patiently
1.69490135207e-06,tire
1.69490135206e-06,unify
1.69490135109e-06,oddity
1.69490134943e-06,coke
1.69490134935e-06,nub
1.69490134912e-06,fuse
1.69490134879e-06,extract
1.69490134851e-06,wrapping
1.69490134832e-06,psychological
1.69490134635e-06,irrevocably
1.69490134613e-06,detection
1.69490134491e-06,fuss
1.69490134341e-06,huge
1.69490134334e-06,tissue
1.69490134156e-06,uncontrolled
1.69490134074e-06,misconstrue
1.69490133993e-06,services
1.6949013394e-06,artist
1.69490133784e-06,undesirable
1.6949013376e-06,shout
1.69490133711e-06,embark
1.69490133639e-06,clown
1.69490133582e-06,black
1.69490133555e-06,flatly
1.69490133489e-06,alike
1.69490133384e-06,meaningfully
1.69490133361e-06,boldface
1.69490133294e-06,jump
1.69490132917e-06,synonymous
1.69490132917e-06,faithfully
1.69490132888e-06,endowment
1.69490132823e-06,unaware
1.69490132751e-06,bewilder
1.69490132723e-06,testily
1.69490132661e-06,honkytonk
1.69490132489e-06,lurch
1.69490132477e-06,suite
1.69490132405e-06,umbrella
1.6949013237e-06,weaken
1.69490132333e-06,trade_name
1.69490132241e-06,misinterpretation
1.69490132062e-06,complementary_color
1.6949013197e-06,pepsi
1.69490131686e-06,constant
1.69490131593e-06,adhere
1.69490131464e-06,evangelize
1.69490131398e-06,cling
1.69490131371e-06,offspring
1.69490131334e-06,attend
1.69490131267e-06,fantastic
1.69490131222e-06,impeccably
1.6949013118e-06,sputter
1.69490131153e-06,blow
1.69490131111e-06,trajectory
1.69490131105e-06,clang
1.69490131083e-06,pang
1.69490130897e-06,holy_place
1.69490130779e-06,tone
1.69490130726e-06,magazine
1.69490130591e-06,dessert
1.69490130583e-06,unobjective
1.69490130583e-06,wire
1.69490130356e-06,completeness
1.69490130319e-06,statistics
1.69490130251e-06,leery
1.69490130168e-06,item
1.69490130127e-06,caution
1.69490129921e-06,dispassionate
1.69490129852e-06,amusing
1.69490129763e-06,throat
1.69490129554e-06,permit
1.69490129499e-06,overrule
1.69490129483e-06,thumb
1.69490129449e-06,blurt_out
1.69490129399e-06,lucrative
1.69490129376e-06,respect
1.6949012933e-06,remarkable
1.69490129243e-06,tailoring
1.69490129214e-06,mindless
1.69490129206e-06,educative
1.6949012917e-06,clarification
1.69490129092e-06,hyperbolically
1.69490129083e-06,alive
1.69490128918e-06,yawn
1.69490128873e-06,ahead
1.69490128848e-06,anthropologist
1.69490128757e-06,baggage
1.6949012872e-06,rebuttal
1.69490128692e-06,rap
1.69490128665e-06,parlance
1.69490128634e-06,modesty
1.69490128569e-06,drilling
1.69490128532e-06,curiously
1.69490128492e-06,surmise
1.69490128458e-06,heart
1.69490128441e-06,fully
1.69490128414e-06,thick
1.69490128398e-06,proofread
1.69490128396e-06,insomniac
1.69490128337e-06,fork
1.69490128262e-06,outreach
1.69490128187e-06,badness
1.69490128143e-06,solar
1.6949012814e-06,historical
1.69490128016e-06,hatch
1.69490127952e-06,bustle
1.69490127926e-06,bullet
1.694901279e-06,complication
1.69490127832e-06,trial
1.6949012777e-06,crawford
1.69490127699e-06,grail
1.69490127639e-06,prevalence
1.6949012761e-06,eyes
1.69490127555e-06,gay
1.69490127497e-06,evenly
1.69490127464e-06,dare
1.69490127431e-06,springer
1.69490127398e-06,beauty
1.6949012736e-06,invitation
1.69490127343e-06,adventure
1.69490127243e-06,fraught
1.69490127221e-06,impatiently
1.69490127056e-06,back
1.69490127007e-06,pharmaceutical
1.69490126957e-06,merit
1.6949012686e-06,applicability
1.69490126819e-06,buffoonery
1.69490126764e-06,distribute
1.69490126729e-06,imperativeness
1.69490126673e-06,apropos
1.69490126671e-06,floating
1.69490126664e-06,ineffectually
1.6949012663e-06,farewell
1.69490126613e-06,rofecoxib
1.69490126596e-06,million
1.69490126587e-06,ascent
1.69490126492e-06,scene
1.69490126488e-06,rationalism
1.69490126467e-06,daily
1.69490126396e-06,kitchen
1.69490126357e-06,detractor
1.69490126353e-06,diligence
1.69490126346e-06,gates
1.69490126323e-06,indecent
1.69490126289e-06,dramatically
1.69490126173e-06,inversion
1.69490126172e-06,inappropriate
1.69490126159e-06,flash
1.69490126133e-06,heartburn
1.69490126086e-06,plaything
1.69490126071e-06,philosophic
1.69490126024e-06,confer
1.69490126011e-06,sleep
1.69490126004e-06,proof
1.69490126e-06,gardening
1.69490125993e-06,antic
1.69490125975e-06,disappoint
1.69490125872e-06,logistics
1.69490125857e-06,champion
1.69490125829e-06,call
1.69490125733e-06,custom
1.69490125733e-06,aftermath
1.69490125721e-06,corporation
1.69490125691e-06,proper
1.69490125585e-06,perplex
1.69490125564e-06,rival
1.69490125536e-06,faux_pas
1.69490125504e-06,specious
1.69490125487e-06,sequence
1.69490125441e-06,notch
1.69490125421e-06,satiate
1.694901254e-06,myriad
1.69490125384e-06,panacea
1.69490125376e-06,tax_return
1.69490125341e-06,catalogue
1.69490125322e-06,freshness
1.69490125295e-06,insist
1.69490125255e-06,standard_atmosphere
1.69490125254e-06,inextricably
1.69490125245e-06,foray
1.69490125201e-06,neck
1.69490125197e-06,ostensive
1.69490125101e-06,mug
1.69490125041e-06,redstem_storksbill
1.69490125025e-06,unacceptable
1.69490125012e-06,simplicity
1.69490124988e-06,sentence
1.69490124942e-06,denver
1.69490124862e-06,graves
1.69490124746e-06,ptolemy
1.69490124612e-06,ale
1.69490124612e-06,suspense
1.69490124607e-06,render
1.69490124594e-06,absurd
1.69490124559e-06,template
1.69490124482e-06,europe
1.69490124467e-06,engender
1.69490124463e-06,despair
1.69490124421e-06,oxymoron
1.69490124308e-06,careful
1.69490124272e-06,spontaneously
1.6949012426e-06,unambiguously
1.69490124233e-06,probe
1.69490124229e-06,rumble
1.69490124216e-06,gaze
1.69490124207e-06,afraid
1.69490124198e-06,magnitude
1.69490124169e-06,diss
1.6949012415e-06,supporter
1.69490124131e-06,throw
1.69490124109e-06,punish
1.69490124089e-06,spread
1.69490124084e-06,closely
1.69490124059e-06,discrepancy
1.69490124042e-06,pride
1.69490124029e-06,warehouse
1.69490124011e-06,volume
1.69490123927e-06,discourtesy
1.69490123921e-06,relegate
1.69490123799e-06,solid
1.69490123787e-06,overestimate
1.69490123782e-06,democratic
1.69490123719e-06,subtraction
1.69490123713e-06,dynamics
1.69490123703e-06,regularity
1.69490123696e-06,schoolmate
1.69490123677e-06,friendship
1.69490123641e-06,napkin
1.6949012361e-06,fitness
1.69490123533e-06,troublesome
1.69490123524e-06,eyebrow
1.69490123523e-06,postmodernist
1.69490123508e-06,intrinsically
1.69490123502e-06,encode
1.69490123492e-06,revise
1.69490123473e-06,broaden
1.69490123463e-06,abrupt
1.69490123418e-06,channels
1.69490123365e-06,curtly
1.69490123362e-06,elevation
1.6949012332e-06,conscientious
1.69490123291e-06,forfeit
1.69490123284e-06,fetch
1.69490123284e-06,tomahawk
1.69490123273e-06,surgery
1.69490123255e-06,column
1.69490123224e-06,portfolio
1.69490123218e-06,advertising
1.69490123193e-06,whine
1.69490123189e-06,wax
1.69490123139e-06,bunk
1.69490123129e-06,yesterday
1.6949012306e-06,feat
1.69490123037e-06,altruistic
1.69490123019e-06,ancestor
1.69490123018e-06,advertise
1.69490123006e-06,overt
1.69490122971e-06,argus-eyed
1.69490122955e-06,relate
1.69490122952e-06,aficionado
1.69490122947e-06,competitive
1.69490122935e-06,shock
1.69490122917e-06,finance
1.69490122917e-06,credibility
1.69490122912e-06,pinch
1.69490122875e-06,identity
1.69490122824e-06,exception
1.69490122822e-06,possess
1.69490122792e-06,unexpectedly
1.69490122748e-06,economist
1.69490122659e-06,explosive_detection_system
1.69490122587e-06,handling
1.69490122585e-06,generator
1.69490122578e-06,seduce
1.69490122563e-06,suffice
1.69490122559e-06,undoubtedly
1.69490122516e-06,botch
1.69490122439e-06,trumpet
1.69490122437e-06,reactive
1.69490122359e-06,inquiry
1.69490122332e-06,uracil
1.69490122329e-06,tuck
1.69490122301e-06,brass_knucks
1.69490122289e-06,time_interval
1.69490122249e-06,bow
1.69490122247e-06,spouse
1.69490122233e-06,refusal
1.69490122213e-06,temp
1.69490122193e-06,selective
1.69490122177e-06,anomalous
1.69490122176e-06,cleavage
1.69490122166e-06,patience
1.69490122149e-06,discontentment
1.69490122149e-06,tungsten
1.69490122043e-06,agonizingly
1.69490122042e-06,block
1.69490122007e-06,cock
1.69490122002e-06,empower
1.69490121981e-06,prince
1.69490121961e-06,yardstick
1.69490121952e-06,clark
1.69490121946e-06,casual
1.69490121926e-06,migrate
1.69490121913e-06,anonymous
1.69490121908e-06,mentally
1.69490121887e-06,standing
1.69490121883e-06,calamity
1.6949012188e-06,wealth
1.6949012187e-06,gravity
1.69490121857e-06,condescend
1.69490121855e-06,hard_up
1.69490121826e-06,indulge
1.69490121815e-06,postmortem
1.69490121814e-06,overwhelm
1.69490121737e-06,effects
1.69490121722e-06,leap
1.69490121699e-06,devise
1.69490121665e-06,fame
1.69490121577e-06,constructive
1.69490121509e-06,banking
1.69490121457e-06,instinctively
1.69490121375e-06,ad-lib
1.69490121371e-06,mars
1.69490121335e-06,pet
1.69490121289e-06,leaning
1.69490121286e-06,rose
1.69490121261e-06,haste
1.6949012125e-06,centralization
1.69490121178e-06,prevail
1.69490121161e-06,refute
1.69490121155e-06,keen
1.69490121133e-06,figment
1.69490121107e-06,degree_fahrenheit
1.69490121063e-06,tighten
1.69490121058e-06,punctually
1.69490121057e-06,sodium
1.69490121025e-06,abjure
1.69490121017e-06,procure
1.69490121017e-06,duplicate
1.69490121016e-06,insightful
1.69490120971e-06,alacrity
1.69490120959e-06,ageless
1.69490120955e-06,badgering
1.69490120905e-06,unproved
1.69490120901e-06,systematic
1.69490120893e-06,integral
1.69490120818e-06,hurriedly
1.69490120784e-06,uncritically
1.69490120768e-06,slowly
1.69490120735e-06,convey
1.69490120732e-06,residence
1.69490120727e-06,choke
1.69490120679e-06,lesser
1.69490120674e-06,calculus
1.69490120656e-06,reinvent
1.69490120647e-06,breathing
1.69490120619e-06,uncannily
1.69490120591e-06,selenium
1.69490120585e-06,citation
1.6949012049e-06,en
1.69490120462e-06,near
1.69490120402e-06,overtly
1.69490120402e-06,behoove
1.69490120397e-06,wholesale
1.69490120381e-06,task
1.69490120298e-06,firm
1.69490120297e-06,resemble
1.69490120227e-06,pilfer
1.6949012018e-06,corollary
1.69490120143e-06,importantly
1.69490120121e-06,shirt
1.69490120072e-06,cue
1.69490120025e-06,mat
1.69490119971e-06,silver
1.69490119941e-06,wear
1.69490119875e-06,buyer
1.69490119867e-06,distribution
1.69490119842e-06,nasty
1.69490119834e-06,humanity
1.69490119821e-06,compete
1.69490119743e-06,occasional
1.69490119707e-06,mirage
1.69490119674e-06,eternity
1.69490119669e-06,allure
1.6949011965e-06,robert
1.6949011961e-06,embodiment
1.69490119569e-06,zeno
1.69490119555e-06,tax_write-off
1.6949011954e-06,cumulatively
1.69490119524e-06,sarcastically
1.69490119426e-06,pasture
1.69490119345e-06,messiah
1.69490119344e-06,tension
1.69490119341e-06,portentously
1.69490119323e-06,carry_through
1.69490119294e-06,transformation
1.6949011924e-06,capital
1.69490119226e-06,summer
1.6949011921e-06,folly
1.69490119205e-06,procrastinate
1.69490119195e-06,advocate
1.69490119099e-06,cooking
1.69490119095e-06,buying
1.69490119067e-06,mistakenly
1.69490119062e-06,minimal
1.69490119025e-06,manage
1.69490118981e-06,adventurous
1.69490118921e-06,effectiveness
1.69490118895e-06,adept
1.69490118879e-06,lawyer
1.69490118813e-06,hagiographa
1.69490118807e-06,ejaculation
1.69490118805e-06,sideshow
1.69490118788e-06,ream
1.69490118744e-06,cow_pen
1.69490118675e-06,violent
1.69490118661e-06,foot
1.69490118643e-06,politician
1.69490118589e-06,oversee
1.69490118444e-06,amply
1.69490118396e-06,educational
1.69490118358e-06,undisputed
1.69490118355e-06,indispensable
1.69490118353e-06,bloc
1.69490118321e-06,manifest
1.69490118287e-06,midwife
1.69490118256e-06,clerk
1.69490118251e-06,preservation
1.69490118242e-06,wittingly
1.6949011824e-06,synergistic
1.69490118222e-06,breakage
1.69490118214e-06,cheerleader
1.694901182e-06,classified_ad
1.69490118162e-06,achiever
1.69490118099e-06,ethnographic
1.69490118068e-06,moral
1.69490118058e-06,controversial
1.69490118051e-06,fret
1.69490118039e-06,millennium
1.6949011799e-06,swallow
1.69490117979e-06,advisory
1.69490117959e-06,disposition
1.69490117949e-06,button
1.69490117949e-06,implicit
1.69490117924e-06,lottery
1.694901179e-06,license
1.69490117879e-06,causality
1.69490117826e-06,albert
1.69490117799e-06,serviceability
1.69490117768e-06,front-runner
1.69490117754e-06,hydrogen
1.6949011775e-06,contemplate
1.69490117731e-06,picturing
1.6949011773e-06,authentic
1.69490117725e-06,baron
1.69490117712e-06,worthwhile
1.69490117708e-06,mathematical
1.69490117695e-06,ignored
1.69490117679e-06,enchantress
1.69490117576e-06,ballad
1.69490117542e-06,affirmative
1.69490117533e-06,cultural
1.69490117415e-06,endemic
1.69490117406e-06,exhaustive
1.69490117372e-06,copernicus
1.69490117341e-06,governed
1.69490117311e-06,spreadsheet
1.69490117306e-06,accuracy
1.69490117272e-06,layoff
1.6949011727e-06,advancement
1.69490117203e-06,clop
1.69490117181e-06,watchfulness
1.69490117117e-06,holmium
1.69490117008e-06,antiquity
1.69490116977e-06,endanger
1.69490116974e-06,formally
1.6949011696e-06,deny
1.6949011689e-06,collector
1.69490116879e-06,analogue
1.69490116844e-06,uneasy
1.69490116843e-06,pronouncement
1.69490116838e-06,chuckle
1.69490116836e-06,gulf
1.69490116779e-06,transplant
1.69490116751e-06,unrefined
1.69490116744e-06,literature
1.69490116743e-06,fourthly
1.69490116707e-06,contents
1.69490116704e-06,appetite
1.6949011666e-06,regretful
1.69490116646e-06,evangelist
1.69490116632e-06,provocative
1.6949011662e-06,rehearse
1.69490116605e-06,wild
1.6949011658e-06,leonard
1.69490116497e-06,peddle
1.69490116446e-06,shingle
1.69490116428e-06,maximize
1.69490116369e-06,absence
1.69490116329e-06,obstacle
1.69490116239e-06,inactive
1.69490116215e-06,idiosyncratic
1.69490116109e-06,defile
1.69490116095e-06,inventory
1.69490116039e-06,procrustean
1.69490115989e-06,exclaim
1.69490115984e-06,salesperson
1.69490115958e-06,entirety
1.69490115919e-06,admission
1.69490115871e-06,inference
1.69490115842e-06,respects
1.69490115796e-06,spoil
1.69490115759e-06,definitive
1.69490115754e-06,celebrate
1.69490115748e-06,accountant
1.69490115714e-06,beware
1.69490115703e-06,jungle
1.69490115675e-06,endeavor
1.6949011567e-06,sampling
1.69490115618e-06,deliberation
1.69490115594e-06,renewable
1.6949011552e-06,waive
1.69490115479e-06,influenza
1.69490115476e-06,evermore
1.69490115454e-06,april
1.69490115436e-06,commit
1.69490115393e-06,draft
1.69490115392e-06,winner
1.6949011536e-06,probable
1.69490115342e-06,cameo
1.69490115329e-06,administer
1.69490115301e-06,conceited
1.69490115268e-06,respondent
1.69490115205e-06,expostulation
1.69490115089e-06,congress_of_industrial_organizations
1.69490115072e-06,fostering
1.69490115068e-06,legitimately
1.69490115032e-06,diametrically
1.69490115013e-06,quantify
1.69490115004e-06,depository
1.69490114998e-06,premises
1.69490114978e-06,restrict
1.69490114913e-06,bicycle
1.69490114874e-06,bromidic
1.69490114859e-06,peripheral
1.69490114741e-06,heatedly
1.69490114697e-06,practically
1.69490114683e-06,purity
1.69490114682e-06,thousand
1.69490114665e-06,patent
1.69490114662e-06,flow
1.69490114652e-06,matrix
1.6949011462e-06,monstrous
1.69490114611e-06,automaton
1.69490114608e-06,orchestra
1.69490114592e-06,supplement
1.69490114478e-06,quintessential
1.69490114441e-06,inconvenient
1.69490114435e-06,suggestion
1.69490114404e-06,subscribe
1.69490114376e-06,cumbersome
1.69490114369e-06,openness
1.69490114361e-06,polar
1.69490114347e-06,declare
1.69490114314e-06,purposeful
1.694901143e-06,pointless
1.6949011429e-06,delf
1.69490114264e-06,blink_of_an_eye
1.69490114262e-06,drag
1.69490114259e-06,decompose
1.69490114244e-06,burdensome
1.69490114241e-06,wary
1.69490114238e-06,fetishist
1.69490114212e-06,independently
1.69490114151e-06,relative
1.69490114132e-06,partial_derivative
1.69490114093e-06,hawking
1.69490114077e-06,bidder
1.69490114023e-06,fresh
1.69490114019e-06,warn
1.69490113999e-06,confirmation
1.69490113991e-06,claimant
1.69490113989e-06,selectively
1.69490113978e-06,craft
1.69490113961e-06,unravel
1.69490113877e-06,humility
1.69490113848e-06,ghostwriter
1.69490113844e-06,religion
1.69490113838e-06,einsteinian
1.69490113832e-06,unsurprising
1.69490113804e-06,narrow
1.69490113798e-06,sensitivity
1.69490113764e-06,aptness
1.69490113733e-06,consciously
1.69490113715e-06,asymmetry
1.69490113632e-06,disfavor
1.69490113622e-06,righteousness
1.69490113596e-06,fragility
1.69490113583e-06,einsteinium
1.6949011358e-06,mark
1.69490113544e-06,consider
1.69490113529e-06,consort
1.69490113525e-06,sow
1.69490113518e-06,arbiter
1.69490113512e-06,unnatural
1.69490113501e-06,overuse
1.69490113497e-06,tiebreaker
1.69490113466e-06,uncontroversial
1.6949011345e-06,borrow
1.69490113447e-06,unfortunate
1.69490113393e-06,flow_chart
1.69490113389e-06,hinge
1.69490113338e-06,enthusiasm
1.69490113336e-06,philanthropy
1.6949011326e-06,struggle
1.69490113246e-06,autochthonal
1.6949011324e-06,source
1.69490113217e-06,landmark
1.69490113213e-06,unable
1.69490113125e-06,dependence
1.69490113043e-06,indirect
1.69490113011e-06,borrowing
1.6949011298e-06,measurable
1.69490112964e-06,grid
1.69490112906e-06,nothing
1.69490112887e-06,posse
1.69490112883e-06,chen
1.69490112873e-06,radically
1.69490112871e-06,sounding
1.69490112835e-06,seed
1.69490112829e-06,part
1.69490112823e-06,cautionary
1.69490112823e-06,antithetic
1.69490112719e-06,financially
1.694901127e-06,barren
1.69490112697e-06,idealize
1.69490112668e-06,humanitarianism
1.69490112666e-06,baking
1.6949011265e-06,thesis
1.6949011259e-06,consist
1.69490112577e-06,invaluable
1.69490112567e-06,biography
1.69490112555e-06,countless
1.69490112543e-06,govern
1.69490112493e-06,script
1.69490112463e-06,internalize
1.69490112451e-06,submerge
1.69490112445e-06,devotional
1.69490112442e-06,nicholas
1.69490112403e-06,variety_meat
1.69490112312e-06,ownership
1.69490112305e-06,steer
1.69490112303e-06,habit
1.69490112284e-06,centric
1.69490112268e-06,rightness
1.69490112259e-06,redesign
1.69490112239e-06,validate
1.69490112225e-06,expand
1.69490112174e-06,enormously
1.69490112158e-06,falsity
1.69490112156e-06,ahistorical
1.69490112133e-06,robustness
1.69490112094e-06,letter
1.69490112067e-06,disappointment
1.69490112064e-06,socrates
1.69490112052e-06,propagate
1.69490112033e-06,tacitly
1.69490111979e-06,exploitation
1.69490111831e-06,malfunction
1.69490111807e-06,positively
1.69490111791e-06,warren
1.69490111778e-06,unachievable
1.69490111727e-06,sight
1.69490111719e-06,processing
1.69490111713e-06,disharmony
1.69490111712e-06,discontinuous
1.69490111697e-06,vacuum
1.69490111681e-06,tie
1.69490111677e-06,confusion
1.69490111636e-06,paving
1.69490111596e-06,postulate
1.69490111551e-06,thorough
1.69490111536e-06,martin
1.69490111505e-06,fill
1.6949011149e-06,heavy
1.69490111408e-06,traditionally
1.69490111366e-06,serendipitous
1.69490111289e-06,english
1.69490111265e-06,ballyhoo
1.69490111245e-06,augment
1.69490111161e-06,greek
1.69490111105e-06,insofar
1.69490111098e-06,attune
1.69490111072e-06,undocumented
1.69490111064e-06,denudation
1.69490111021e-06,fog
1.69490110999e-06,aristotle
1.69490110926e-06,vessel
1.69490110899e-06,validation
1.69490110894e-06,george
1.69490110805e-06,symmetry
1.69490110797e-06,sop
1.69490110736e-06,odds
1.69490110732e-06,transportation
1.69490110731e-06,shrift
1.69490110661e-06,vogue
1.69490110616e-06,bern
1.69490110563e-06,encapsulate
1.69490110561e-06,recipe
1.6949011055e-06,plato
1.69490110463e-06,town
1.69490110384e-06,bizarre
1.69490110362e-06,strand
1.69490110347e-06,cryptic
1.69490110287e-06,gilder
1.69490110001e-06,collect
1.69490109953e-06,emancipate
1.69490109901e-06,rock
1.69490109839e-06,lifeblood
1.69490109825e-06,minimally
1.69490109708e-06,by-product
1.69490109411e-06,serendipity
1.69490109335e-06,correctness
1.69490109308e-06,muddy
